filename,color_1_hex,color_1_rgb,color_2_hex,color_2_rgb,color_3_hex,color_3_rgb,color_4_hex,color_4_rgb,color_5_hex,color_5_rgb
View at Rouelles_ Le Havre_1858.jpg,#e4e8f1,"(228, 232, 241)",#181f10,"(24, 31, 16)",#545832,"(84, 88, 50)",#b9bddc,"(185, 189, 220)",#878777,"(135, 135, 119)"
Landscape with Factories_1858_61.jpg,#ebe7da,"(235, 231, 218)",#2e302b,"(46, 48, 43)",#dfceb0,"(223, 206, 176)",#786b51,"(120, 107, 81)",#bdceda,"(189, 206, 218)"
Landscape with Factories_1858_61.png,#322722,"(50, 39, 34)",#584831,"(88, 72, 49)",#a6a18b,"(166, 161, 139)",#cac1a6,"(202, 193, 166)",#877665,"(135, 118, 101)"
Corner of a Studio_1861.jpg,#534044,"(83, 64, 68)",#211c27,"(33, 28, 39)",#867b6a,"(134, 123, 106)",#dcc388,"(220, 195, 136)",#b04542,"(176, 69, 66)"
Still Life with Meat_1862_63.jpg,#150808,"(21, 8, 8)",#9e3a17,"(158, 58, 23)",#bf6724,"(191, 103, 36)",#621a11,"(98, 26, 17)",#ebaa4f,"(235, 170, 79)"
Seashore at Sainte-Adresse_1864.jpg,#877f74,"(135, 127, 116)",#766d60,"(118, 109, 96)",#aba38f,"(171, 163, 143)",#4a432c,"(74, 67, 44)",#120f0c,"(18, 15, 12)"
Road by Saint-Siméon Farm_1864.jpg,#141b12,"(20, 27, 18)",#323720,"(50, 55, 32)",#545434,"(84, 84, 52)",#848158,"(132, 129, 88)",#aaa580,"(170, 165, 128)"
Le Lieutenance at Honfleur_1864.jpg,#1e1c1c,"(30, 28, 28)",#a9a2b7,"(169, 162, 183)",#847d7a,"(132, 125, 122)",#4e4944,"(78, 73, 68)",#e0dae0,"(224, 218, 224)"
Le Rue de la Bavole at Honfleur_1864.jpg,#38372c,"(56, 55, 44)",#88a5c1,"(136, 165, 193)",#19170f,"(25, 23, 15)",#6b6649,"(107, 102, 73)",#989873,"(152, 152, 115)"
Farm near Honfleur_1864.jpg,#e3cfc2,"(227, 207, 194)",#776231,"(119, 98, 49)",#5f3f27,"(95, 63, 39)",#371a12,"(55, 26, 18)",#977551,"(151, 117, 81)"
La Pointe de la Hève_ Honfleur_1864.jpg,#b7b5ac,"(183, 181, 172)",#a4a39c,"(164, 163, 156)",#d6d4c6,"(214, 212, 198)",#87795c,"(135, 121, 92)",#625536,"(98, 85, 54)"
Dr. Leclenché_1864.jpg,#523723,"(82, 55, 35)",#73542d,"(115, 84, 45)",#39291e,"(57, 41, 30)",#150f11,"(21, 15, 17)",#b39062,"(179, 144, 98)"
Haystacks at Chailly at Sunrise_1865.jpg,#9fc1e4,"(159, 193, 228)",#ba9c53,"(186, 156, 83)",#dfc783,"(223, 199, 131)",#7d6440,"(125, 100, 64)",#332824,"(51, 40, 36)"
Le Déjeuner sur l_herbe - left panel_1865_66.jpg,#121610,"(18, 22, 16)",#3a3f26,"(58, 63, 38)",#755a3b,"(117, 90, 59)",#918660,"(145, 134, 96)",#b6b091,"(182, 176, 145)"
Le Déjeuner sur l_herbe - right panel_1865_66.jpg,#262313,"(38, 35, 19)",#4d4e29,"(77, 78, 41)",#75764d,"(117, 118, 77)",#a09e92,"(160, 158, 146)",#d5d2d4,"(213, 210, 212)"
Adolphe Monet in the Garden of Le Coteau at Sainte-Adresse_1867.jpg,#655333,"(101, 83, 51)",#3b3315,"(59, 51, 21)",#998854,"(153, 136, 84)",#d7b38c,"(215, 179, 140)",#e5dbd5,"(229, 219, 213)"
Fishing Boats_1866.jpg,#1e1e27,"(30, 30, 39)",#56473d,"(86, 71, 61)",#88725a,"(136, 114, 90)",#e0d9bf,"(224, 217, 191)",#b7ab89,"(183, 171, 137)"
Port of Honfleur_1867.png,#e1dfe2,"(225, 223, 226)",#5d5859,"(93, 88, 89)",#7c787a,"(124, 120, 122)",#9d999b,"(157, 153, 155)",#bfbcbf,"(191, 188, 191)"
The Road to the Farm of Saint-Simeon in Winter_1867.jpg,#d1d6ce,"(209, 214, 206)",#b4bab5,"(180, 186, 181)",#2c2a1e,"(44, 42, 30)",#888980,"(136, 137, 128)",#585549,"(88, 85, 73)"
The Snowy Road at Honfleur_1867.png,#dad8db,"(218, 216, 219)",#bfbec2,"(191, 190, 194)",#464246,"(70, 66, 70)",#6a676b,"(106, 103, 107)",#979497,"(151, 148, 151)"
L_Entrée du port de Le Havre_1867.JPG,#898889,"(137, 136, 137)",#70736f,"(112, 115, 111)",#a1a0a2,"(161, 160, 162)",#555250,"(85, 82, 80)",#deddd7,"(222, 221, 215)"
Taking a Walk on the Cliffs of Sainte-Adresse_1867.JPG,#7b6c3a,"(123, 108, 58)",#443f25,"(68, 63, 37)",#a5a9a9,"(165, 169, 169)",#82888c,"(130, 136, 140)",#caccc5,"(202, 204, 197)"
Garden at Sainte-Adresse_1867.jpg,#727e96,"(114, 126, 150)",#2d2e25,"(45, 46, 37)",#665c3b,"(102, 92, 59)",#9da1a3,"(157, 161, 163)",#3d5361,"(61, 83, 97)"
Street in Sainte-Adresse_1867.jpg,#969692,"(150, 150, 146)",#443e22,"(68, 62, 34)",#605943,"(96, 89, 67)",#867c63,"(134, 124, 99)",#bcb9af,"(188, 185, 175)"
The Huts at Sainte-Adresse_1868.png,#e2d1bb,"(226, 209, 187)",#452420,"(69, 36, 32)",#7a4128,"(122, 65, 40)",#a36740,"(163, 103, 64)",#d3b597,"(211, 181, 151)"
Fishing Boats_ Calm Sea_1868.jpg,#b1d6d4,"(177, 214, 212)",#505c5a,"(80, 92, 90)",#94b4b8,"(148, 180, 184)",#688383,"(104, 131, 131)",#42302b,"(66, 48, 43)"
Interior_ after Dinner_1868_69.jpg,#352e28,"(53, 46, 40)",#29221d,"(41, 34, 29)",#554535,"(85, 69, 53)",#886d44,"(136, 109, 68)",#cebc87,"(206, 188, 135)"
The Luncheon_1868.jpg,#100d0c,"(16, 13, 12)",#3d3120,"(61, 49, 32)",#565650,"(86, 86, 80)",#8f938c,"(143, 147, 140)",#d8dddb,"(216, 221, 219)"
The Landing Stage_1869.jpg,#e3e2cb,"(227, 226, 203)",#111508,"(17, 21, 8)",#3e421e,"(62, 66, 30)",#777249,"(119, 114, 73)",#a9a68a,"(169, 166, 138)"
Pheasant_1869.jpeg,#260d0d,"(38, 13, 13)",#e1d7da,"(225, 215, 218)",#533427,"(83, 52, 39)",#baadad,"(186, 173, 173)",#8f6e5b,"(143, 110, 91)"
Boar_s Head_1869.jpg,#ecebae,"(236, 235, 174)",#c6c58b,"(198, 197, 139)",#24200b,"(36, 32, 11)",#57552d,"(87, 85, 45)",#8a8652,"(138, 134, 82)"
Road to Louveciennes_ Snow Effect_1869.jpg,#b5c0c4,"(181, 192, 196)",#e5e5dd,"(229, 229, 221)",#939488,"(147, 148, 136)",#5a5b52,"(90, 91, 82)",#1e1e1b,"(30, 30, 27)"
The Seine at Bougival_ Evening_1870.jpg,#2a2819,"(42, 40, 25)",#635c50,"(99, 92, 80)",#9d866d,"(157, 134, 109)",#cab690,"(202, 182, 144)",#f9f9f7,"(249, 249, 247)"
Entrance to the Port of Trouville_1870.jpg,#dadce0,"(218, 220, 224)",#bbbcb9,"(187, 188, 185)",#a69b87,"(166, 155, 135)",#313831,"(49, 56, 49)",#736b59,"(115, 107, 89)"
The Beach at Trouville_1870.jpg,#9d9ea5,"(157, 158, 165)",#bab3ab,"(186, 179, 171)",#86847d,"(134, 132, 125)",#5e5d54,"(94, 93, 84)",#34352a,"(52, 53, 42)"
The Boardwalk on the Beach at Trouville_1870.jpg,#829cc1,"(130, 156, 193)",#b1b3b1,"(177, 179, 177)",#d1cec0,"(209, 206, 192)",#8b7e6b,"(139, 126, 107)",#414949,"(65, 73, 73)"
Camille Sitting on the Beach at Trouville_1870_71.jpg,#9e9ca3,"(158, 156, 163)",#c3bdb0,"(195, 189, 176)",#bea67a,"(190, 166, 122)",#876d57,"(135, 109, 87)",#4c2f2a,"(76, 47, 42)"
Camille on the Beach_1870_71.jpg,#d1d7d3,"(209, 215, 211)",#bdbfb3,"(189, 191, 179)",#a3a094,"(163, 160, 148)",#726f6e,"(114, 111, 110)",#282b32,"(40, 43, 50)"
Hyde Park_1871.jpg,#958c84,"(149, 140, 132)",#5e5d51,"(94, 93, 81)",#46442a,"(70, 68, 42)",#ac9f91,"(172, 159, 145)",#7f7564,"(127, 117, 100)"
The  Thames below Westminster_1871.jpg,#948957,"(148, 137, 87)",#787240,"(120, 114, 64)",#a5a287,"(165, 162, 135)",#53522c,"(83, 82, 44)",#23230c,"(35, 35, 12)"
The Pool of London_1871.jpg,#c3c4c4,"(195, 196, 196)",#a1a3a0,"(161, 163, 160)",#7b7d87,"(123, 125, 135)",#505157,"(80, 81, 87)",#2b2b31,"(43, 43, 49)"
Vue d_un port_1871.jpg,#bec7bc,"(190, 199, 188)",#adb8a7,"(173, 184, 167)",#8f9588,"(143, 149, 136)",#656a65,"(101, 106, 101)",#383c3c,"(56, 60, 60)"
Windmills near Zaandam_1871.jpg,#93938e,"(147, 147, 142)",#868782,"(134, 135, 130)",#73736d,"(115, 115, 109)",#635e51,"(99, 94, 81)",#4a473f,"(74, 71, 63)"
Windmills at Zaandam_1871.jpg,#b3aeb0,"(179, 174, 176)",#c8c7c8,"(200, 199, 200)",#9f999d,"(159, 153, 157)",#524947,"(82, 73, 71)",#7f7160,"(127, 113, 96)"
Zaandam_1871.jpg,#b3a9a7,"(179, 169, 167)",#7f6047,"(127, 96, 71)",#987a60,"(152, 122, 96)",#a4948a,"(164, 148, 138)",#5a4133,"(90, 65, 51)"
The Dam at Zaandam_ evening_1871.jpg,#50554c,"(80, 85, 76)",#dbe0cf,"(219, 224, 207)",#2e342f,"(46, 52, 47)",#787f6f,"(120, 127, 111)",#a9aea2,"(169, 174, 162)"
Guurtje Van de Stadt_1871.jpg,#b18e4b,"(177, 142, 75)",#191718,"(25, 23, 24)",#bea268,"(190, 162, 104)",#8b6327,"(139, 99, 39)",#3a3029,"(58, 48, 41)"
The Garden_1872.jpg,#b3c6de,"(179, 198, 222)",#9d9550,"(157, 149, 80)",#2a392a,"(42, 57, 42)",#5f663d,"(95, 102, 61)",#cfba81,"(207, 186, 129)"
The Seine downstream from Rouen_1872.jpg,#cdd3cc,"(205, 211, 204)",#b6b9b4,"(182, 185, 180)",#90908d,"(144, 144, 141)",#5c5c5c,"(92, 92, 92)",#232b2b,"(35, 43, 43)"
Boats at Rouen_1872.jpg,#afb3b8,"(175, 179, 184)",#c5ced6,"(197, 206, 214)",#252324,"(37, 35, 36)",#928c86,"(146, 140, 134)",#5b5552,"(91, 85, 82)"
Ships Riding on the Seine at Rouen_1872.jpg,#8db1c1,"(141, 177, 193)",#b4c6c5,"(180, 198, 197)",#939b91,"(147, 155, 145)",#707161,"(112, 113, 97)",#444335,"(68, 67, 53)"
The Mount Riboudet in Rouen in Spring_1872.jpg,#d0e1ee,"(208, 225, 238)",#a49f8b,"(164, 159, 139)",#7f7d77,"(127, 125, 119)",#d0b899,"(208, 184, 153)",#565b57,"(86, 91, 87)"
The Seine at Rouen_1872.jpg,#a2998f,"(162, 153, 143)",#89857f,"(137, 133, 127)",#88969a,"(136, 150, 154)",#706861,"(112, 104, 97)",#504c49,"(80, 76, 73)"
Lane in the Vineyards at Argenteuil_1872.jpg,#cac9c9,"(202, 201, 201)",#bbb8b0,"(187, 184, 176)",#717942,"(113, 121, 66)",#9a9b63,"(154, 155, 99)",#3a3b1a,"(58, 59, 26)"
The Banks of the Seine at Argenteuil_1872.jpg,#7a91b2,"(122, 145, 178)",#a7b2c1,"(167, 178, 193)",#291f2b,"(41, 31, 43)",#514d4a,"(81, 77, 74)",#7f7971,"(127, 121, 113)"
Argenteuil Seen from the Small Arm of the Seine_1872.jpg,#babec7,"(186, 190, 199)",#d8dce3,"(216, 220, 227)",#9b9c98,"(155, 156, 152)",#69685a,"(105, 104, 90)",#39362b,"(57, 54, 43)"
Regatta at Argenteuil_1872.jpg,#a0a69d,"(160, 166, 157)",#8b938d,"(139, 147, 141)",#8c815e,"(140, 129, 94)",#6d6641,"(109, 102, 65)",#c9bf9c,"(201, 191, 156)"
Voilier_1872.jpg,#9da29f,"(157, 162, 159)",#b2b6b1,"(178, 182, 177)",#848b8b,"(132, 139, 139)",#ced1c7,"(206, 209, 199)",#54594b,"(84, 89, 75)"
The Seine near Bougival_1872.jpg,#b3bdcf,"(179, 189, 207)",#9fa8b7,"(159, 168, 183)",#817b52,"(129, 123, 82)",#b4a56d,"(180, 165, 109)",#50532e,"(80, 83, 46)"
Carrières-Saint-Denis_1872.jpg,#657279,"(101, 114, 121)",#869cac,"(134, 156, 172)",#84857e,"(132, 133, 126)",#596057,"(89, 96, 87)",#32423a,"(50, 66, 58)"
Jean Monet on His Horse Tricycle_1872.jpg,#4c4b2f,"(76, 75, 47)",#2f2f1a,"(47, 47, 26)",#a59778,"(165, 151, 120)",#69674a,"(105, 103, 74)",#c3b79f,"(195, 183, 159)"
Village Street_1872.jpg,#adb4b5,"(173, 180, 181)",#35312b,"(53, 49, 43)",#0d0c0b,"(13, 12, 11)",#938d7f,"(147, 141, 127)",#5f5a4c,"(95, 90, 76)"
Partridge and Woodcock_1872.jpg,#edc78b,"(237, 199, 139)",#2f1609,"(47, 22, 9)",#ddb16c,"(221, 177, 108)",#62472e,"(98, 71, 46)",#9c7e55,"(156, 126, 85)"
The Red Kerchief_ Portrait of Madame Monet_1873.jpg,#464440,"(70, 68, 64)",#5e5e5a,"(94, 94, 90)",#767b7d,"(118, 123, 125)",#303030,"(48, 48, 48)",#afb7b9,"(175, 183, 185)"
Boats at Rouen_1873.jpg,#bdc3c0,"(189, 195, 192)",#a4a799,"(164, 167, 153)",#202a0e,"(32, 42, 14)",#485133,"(72, 81, 51)",#787c65,"(120, 124, 101)"
Apple Trees in Bloom_1873.jpg,#8c9060,"(140, 144, 96)",#acb18e,"(172, 177, 142)",#cedbe4,"(206, 219, 228)",#adc1e0,"(173, 193, 224)",#606739,"(96, 103, 57)"
Walk in the Meadows at Argenteuil_1873.jpg,#acafab,"(172, 175, 171)",#959270,"(149, 146, 112)",#cccec4,"(204, 206, 196)",#7d775c,"(125, 119, 92)",#393932,"(57, 57, 50)"
The Bridge at Argenteuil_1873.jpg,#d0d4da,"(208, 212, 218)",#606254,"(96, 98, 84)",#b0b1a1,"(176, 177, 161)",#898f77,"(137, 143, 119)",#2b2d28,"(43, 45, 40)"
The Artist_s House at Argenteuil_1873.jpg,#657158,"(101, 113, 88)",#8d9084,"(141, 144, 132)",#445039,"(68, 80, 57)",#759db9,"(117, 157, 185)",#b0b2a8,"(176, 178, 168)"
Carnaval Boulevard des Capucines_1873.jpg,#b08852,"(176, 136, 82)",#8e693e,"(142, 105, 62)",#604328,"(96, 67, 40)",#c9a881,"(201, 168, 129)",#2c160e,"(44, 22, 14)"
The Sea at Amsterdam_1874.jpg,#bbcccd,"(187, 204, 205)",#dde1d9,"(221, 225, 217)",#9cb7bf,"(156, 183, 191)",#86928f,"(134, 146, 143)",#4e544d,"(78, 84, 77)"
View of the Prins Hendrikkade and the Kromme Waal in Amsterdam_1874.jpg,#b4b8b2,"(180, 184, 178)",#9e9f98,"(158, 159, 152)",#727b75,"(114, 123, 117)",#535d57,"(83, 93, 87)",#2c3432,"(44, 52, 50)"
The Zuiderkerk_ Amsterdam_1874.jpg,#7e7e6f,"(126, 126, 111)",#a4997a,"(164, 153, 122)",#8a9da5,"(138, 157, 165)",#a9b3ae,"(169, 179, 174)",#5b5e4e,"(91, 94, 78)"
The Banks of the Seine at the Argenteuil Bridge_1874.jpg,#dcd2ba,"(220, 210, 186)",#859161,"(133, 145, 97)",#5c684b,"(92, 104, 75)",#abb083,"(171, 176, 131)",#2a3129,"(42, 49, 41)"
The Promenade near the Railroad Bridge_ Argenteuil_1874.jpg,#f5e7e3,"(245, 231, 227)",#e8d3ca,"(232, 211, 202)",#a0805c,"(160, 128, 92)",#6d4e4a,"(109, 78, 74)",#c0a096,"(192, 160, 150)"
The Seine at Argenteuil_1874.jpg,#6f7183,"(111, 113, 131)",#826e38,"(130, 110, 56)",#ab8f4e,"(171, 143, 78)",#b09d8f,"(176, 157, 143)",#55431a,"(85, 67, 26)"
Argenteuil Basin with a Single Sailboat_1874.jpg,#c5cfd0,"(197, 207, 208)",#afb8ba,"(175, 184, 186)",#937455,"(147, 116, 85)",#9c8c82,"(156, 140, 130)",#6a5145,"(106, 81, 69)"
Sailboat at Le Petit-Gennevilliers_1874.jpg,#b9b6a1,"(185, 182, 161)",#898e90,"(137, 142, 144)",#5f6565,"(95, 101, 101)",#dfdab4,"(223, 218, 180)",#212b30,"(33, 43, 48)"
The Pond_ Snow Effect_1875.png,#a57f5d,"(165, 127, 93)",#916341,"(145, 99, 65)",#b7977c,"(183, 151, 124)",#76452b,"(118, 69, 43)",#cab4a4,"(202, 180, 164)"
Snow at Argenteuil_1875.jpg,#b19f94,"(177, 159, 148)",#9d8b83,"(157, 139, 131)",#c2b0a0,"(194, 176, 160)",#897770,"(137, 119, 112)",#67564b,"(103, 86, 75)"
Train in the Snow_ the Locomotive_1875.jpg,#b8b5b6,"(184, 181, 182)",#959390,"(149, 147, 144)",#666862,"(102, 104, 98)",#3a3c31,"(58, 60, 49)",#e3e0da,"(227, 224, 218)"
View of Argenteuil in the Snow_1875.jpg,#c0c5bf,"(192, 197, 191)",#dbded8,"(219, 222, 216)",#a5a9a4,"(165, 169, 164)",#83847d,"(131, 132, 125)",#4f4b42,"(79, 75, 66)"
Frost_1875.png,#c8ced3,"(200, 206, 211)",#727d8c,"(114, 125, 140)",#8ba1b5,"(139, 161, 181)",#af9d99,"(175, 157, 153)",#48505f,"(72, 80, 95)"
A Corner of the Apartment_1875.jpg,#3c3e36,"(60, 62, 54)",#54564a,"(84, 86, 74)",#6f7158,"(111, 113, 88)",#8b8a67,"(139, 138, 103)",#a8a685,"(168, 166, 133)"
Red Boats_ Argenteuil_1875.jpg,#83a5b5,"(131, 165, 181)",#657d89,"(101, 125, 137)",#aababd,"(170, 186, 189)",#8a928a,"(138, 146, 138)",#54605d,"(84, 96, 93)"
La Promenade_ Argenteuil_1875.jpg,#6f96be,"(111, 150, 190)",#a5bbc1,"(165, 187, 193)",#a09f77,"(160, 159, 119)",#626b5d,"(98, 107, 93)",#323d3c,"(50, 61, 60)"
Towpath at Argenteuil in the Snow_1875.jpg,#aab2bb,"(170, 178, 187)",#989da6,"(152, 157, 166)",#7c7f82,"(124, 127, 130)",#51545b,"(81, 84, 91)",#c3c5c8,"(195, 197, 200)"
The Parc Monceau_1876.jpg,#c5d8e1,"(197, 216, 225)",#aba051,"(171, 160, 81)",#70723a,"(112, 114, 58)",#c0ba92,"(192, 186, 146)",#3f3f1f,"(63, 63, 31)"
The Tuileries_1876.jpg,#777056,"(119, 112, 86)",#c4bfb5,"(196, 191, 181)",#49473f,"(73, 71, 63)",#99927f,"(153, 146, 127)",#191a1b,"(25, 26, 27)"
Undergrowth in Argenteuil_1876.png,#23291c,"(35, 41, 28)",#3a4630,"(58, 70, 48)",#56634e,"(86, 99, 78)",#7b8875,"(123, 136, 117)",#b6bbb3,"(182, 187, 179)"
The Garden_ Gladioli_1876.jpg,#75725d,"(117, 114, 93)",#575445,"(87, 84, 69)",#989172,"(152, 145, 114)",#3a3229,"(58, 50, 41)",#beb196,"(190, 177, 150)"
View of Yerres_1876.jpg,#a6b5be,"(166, 181, 190)",#7c8270,"(124, 130, 112)",#919b96,"(145, 155, 150)",#bdcdda,"(189, 205, 218)",#5b6856,"(91, 104, 86)"
Hunting_1876.jpg,#938167,"(147, 129, 103)",#bc9d74,"(188, 157, 116)",#6c5f4f,"(108, 95, 79)",#dac596,"(218, 197, 150)",#2f2a2c,"(47, 42, 44)"
Portrait of Camille with a bouquet of violets_1877.jpg,#323736,"(50, 55, 54)",#171a1d,"(23, 26, 29)",#5d574e,"(93, 87, 78)",#947d6d,"(148, 125, 109)",#d1c1a9,"(209, 193, 169)"
A Field at Gennevilliers_1877.jpg,#d9e2db,"(217, 226, 219)",#9e9d5b,"(158, 157, 91)",#717c38,"(113, 124, 56)",#b0b9ae,"(176, 185, 174)",#414b1d,"(65, 75, 29)"
Arrival of the Normandy Train_ Gare Saint-Lazare_1877.jpg,#4e6667,"(78, 102, 103)",#68807f,"(104, 128, 127)",#36464c,"(54, 70, 76)",#859b9e,"(133, 155, 158)",#b1bdc0,"(177, 189, 192)"
The Saint-Lazare Station_1877.jpg,#494645,"(73, 70, 69)",#1e1d21,"(30, 29, 33)",#979b9d,"(151, 155, 157)",#717374,"(113, 115, 116)",#cbccc5,"(203, 204, 197)"
The Seine at Argenteuil_1877.jpg,#61635e,"(97, 99, 94)",#c6c5ba,"(198, 197, 186)",#a7acac,"(167, 172, 172)",#454947,"(69, 73, 71)",#827f72,"(130, 127, 114)"
Under the Trees_ Effect of Sunlight_1878.jpg,#2b4135,"(43, 65, 53)",#495f48,"(73, 95, 72)",#6e8357,"(110, 131, 87)",#96a37c,"(150, 163, 124)",#cbc4b7,"(203, 196, 183)"
The Seine at Lavacourt_1878.jpg,#bec1bf,"(190, 193, 191)",#acaea9,"(172, 174, 169)",#93968f,"(147, 150, 143)",#7d8068,"(125, 128, 104)",#5b5f48,"(91, 95, 72)"
An arm of the Seine near Vetheuil_1878.jpg,#eaece2,"(234, 236, 226)",#939991,"(147, 153, 145)",#73746c,"(115, 116, 108)",#bbbfb6,"(187, 191, 182)",#4a4541,"(74, 69, 65)"
The Banks of the Seine_ Lavacourt_1878.jpg,#282d2a,"(40, 45, 42)",#e6ebe2,"(230, 235, 226)",#babdbc,"(186, 189, 188)",#5d574e,"(93, 87, 78)",#9b8563,"(155, 133, 99)"
Vétheuil Church in Winter_1879.jpg,#d0ced0,"(208, 206, 208)",#5b5759,"(91, 87, 89)",#7e787a,"(126, 120, 122)",#a7a2a0,"(167, 162, 160)",#373336,"(55, 51, 54)"
Lavacourt_ Sun and Snow_1879.jpg,#c0c7c6,"(192, 199, 198)",#d7ded7,"(215, 222, 215)",#adb3b2,"(173, 179, 178)",#888e90,"(136, 142, 144)",#5b5f62,"(91, 95, 98)"
Seine at Lavacourt. Effect of Snow_1879.jpg,#cccbca,"(204, 203, 202)",#a4a5ad,"(164, 165, 173)",#878387,"(135, 131, 135)",#6c625d,"(108, 98, 93)",#463c3b,"(70, 60, 59)"
The Bend of the Seine at Lavacourt_ Winter_1879.jpg,#e1cccd,"(225, 204, 205)",#6a5142,"(106, 81, 66)",#bfa39c,"(191, 163, 156)",#957a71,"(149, 122, 113)",#36231a,"(54, 35, 26)"
Plums Blossom_1879.jpg,#8993bd,"(137, 147, 189)",#202523,"(32, 37, 35)",#4a514e,"(74, 81, 78)",#c5b8cb,"(197, 184, 203)",#747785,"(116, 119, 133)"
Vetheuil_1879.jpg,#a7bed6,"(167, 190, 214)",#a0a883,"(160, 168, 131)",#727f57,"(114, 127, 87)",#80a3c5,"(128, 163, 197)",#3b4b2e,"(59, 75, 46)"
Poppy Field near Vetheuil_1879.jpg,#696145,"(105, 97, 69)",#d2dee2,"(210, 222, 226)",#8b856d,"(139, 133, 109)",#2b3d30,"(43, 61, 48)",#b2bfbf,"(178, 191, 191)"
Seine at Lavacourt_1879.JPG,#abb8b6,"(171, 184, 182)",#94a09f,"(148, 160, 159)",#7c8680,"(124, 134, 128)",#d2cdbe,"(210, 205, 190)",#565e59,"(86, 94, 89)"
Camille Monet on her Deathbed_1879.JPG,#a48a9b,"(164, 138, 155)",#8b7386,"(139, 115, 134)",#bca3af,"(188, 163, 175)",#6e596b,"(110, 89, 107)",#4b3a4d,"(75, 58, 77)"
Pheasants_ Woodcocks and Partridges_1879.jpg,#a6a399,"(166, 163, 153)",#8c887f,"(140, 136, 127)",#685e56,"(104, 94, 86)",#d6d0c7,"(214, 208, 199)",#342f2c,"(52, 47, 44)"
Breakup of Ice at Lavacourt_1880.jpg,#ced4db,"(206, 212, 219)",#b1b9c3,"(177, 185, 195)",#85929f,"(133, 146, 159)",#5a6875,"(90, 104, 117)",#25323b,"(37, 50, 59)"
Spring in Vétheuil_1880.jpg,#b1bccc,"(177, 188, 204)",#5b756b,"(91, 117, 107)",#95a2b0,"(149, 162, 176)",#798985,"(121, 137, 133)",#35574d,"(53, 87, 77)"
Late Afternoon in Vetheuil_1880.jpg,#c3c0b7,"(195, 192, 183)",#a7a9ac,"(167, 169, 172)",#af9f83,"(175, 159, 131)",#978860,"(151, 136, 96)",#6a6142,"(106, 97, 66)"
Banks of the Seine near Vetheuil_1880.jpg,#94a399,"(148, 163, 153)",#687854,"(104, 120, 84)",#83916e,"(131, 145, 110)",#4b5c42,"(75, 92, 66)",#afb9a9,"(175, 185, 169)"
Vetheuil_1880.jpg,#89a8c2,"(137, 168, 194)",#a6a86e,"(166, 168, 110)",#5b7295,"(91, 114, 149)",#b1cad6,"(177, 202, 214)",#5b664c,"(91, 102, 76)"
The Brook near Vetheuil_1880.png,#545154,"(84, 81, 84)",#383337,"(56, 51, 55)",#726f73,"(114, 111, 115)",#918f93,"(145, 143, 147)",#b4b2b7,"(180, 178, 183)"
Bouquet of Mallows_1880.jpg,#8f8356,"(143, 131, 86)",#afa47d,"(175, 164, 125)",#675435,"(103, 84, 53)",#2d2016,"(45, 32, 22)",#c3bfbc,"(195, 191, 188)"
Portrait of Jean Monet_1880.jpg,#868a87,"(134, 138, 135)",#6b6b65,"(107, 107, 101)",#100d14,"(16, 13, 20)",#3c3738,"(60, 55, 56)",#bfb5a8,"(191, 181, 168)"
Michel Monet with a Pompom_1880.jpg,#5d5852,"(93, 88, 82)",#7e736c,"(126, 115, 108)",#a95f50,"(169, 95, 80)",#a89b95,"(168, 155, 149)",#231c19,"(35, 28, 25)"
Portrait of Mr Coqueret _son__1881.png,#27211e,"(39, 33, 30)",#806e63,"(128, 110, 99)",#988582,"(152, 133, 130)",#554843,"(85, 72, 67)",#c5ab9a,"(197, 171, 154)"
The Flood of the Seine at Vetheuil_1881.jpg,#9c92a7,"(156, 146, 167)",#bfb2bf,"(191, 178, 191)",#756b83,"(117, 107, 131)",#534352,"(83, 67, 82)",#2e1a21,"(46, 26, 33)"
The Sea Seen from the Cliffs of Fecamp_1881.jpg,#a0bebc,"(160, 190, 188)",#84a19d,"(132, 161, 157)",#d8e0df,"(216, 224, 223)",#6e7b68,"(110, 123, 104)",#37493d,"(55, 73, 61)"
Calm Weather_ Fecamp_1881.jpg,#a6b0b4,"(166, 176, 180)",#889095,"(136, 144, 149)",#c2cdd6,"(194, 205, 214)",#5f666f,"(95, 102, 111)",#363536,"(54, 53, 54)"
Morning by the sea_1881.jpg,#bab7ba,"(186, 183, 186)",#d8d1ce,"(216, 209, 206)",#9b989b,"(155, 152, 155)",#787174,"(120, 113, 116)",#4a4343,"(74, 67, 67)"
Cliff at Grainval near Fécamp_1881.jpg,#cbcbc0,"(203, 203, 192)",#a3aba2,"(163, 171, 162)",#47829b,"(71, 130, 155)",#947e66,"(148, 126, 102)",#3d3f46,"(61, 63, 70)"
Cliffs of Les Petites-Dalles_1881.jpg,#ddd5dc,"(221, 213, 220)",#654f47,"(101, 79, 71)",#c3b7b0,"(195, 183, 176)",#927e75,"(146, 126, 117)",#291e1c,"(41, 30, 28)"
Vetheuil at Sunset_1881.jpg,#e2d5be,"(226, 213, 190)",#d3b29e,"(211, 178, 158)",#7d6f62,"(125, 111, 98)",#a98d80,"(169, 141, 128)",#4d4c40,"(77, 76, 64)"
Alice Hoschede in the Garden_1881.jpg,#595c48,"(89, 92, 72)",#373d30,"(55, 61, 48)",#757c7b,"(117, 124, 123)",#89864f,"(137, 134, 79)",#a2a6a3,"(162, 166, 163)"
The Garden at Vetheuil_1881.jpg,#505a4d,"(80, 90, 77)",#85846f,"(133, 132, 111)",#bcb39e,"(188, 179, 158)",#232c27,"(35, 44, 39)",#365d8d,"(54, 93, 141)"
Hut in Trouville_ Low Tide_1881.jpg,#cbc7bb,"(203, 199, 187)",#cdb99a,"(205, 185, 154)",#a6b2b2,"(166, 178, 178)",#30351f,"(48, 53, 31)",#616451,"(97, 100, 81)"
The Garden Gate_1881.jpg,#a89378,"(168, 147, 120)",#d5b89d,"(213, 184, 157)",#5c5f5a,"(92, 95, 90)",#8f7640,"(143, 118, 64)",#2f2f23,"(47, 47, 35)"
View of Vétheuil_1881.jpg,#b8baa3,"(184, 186, 163)",#859a8c,"(133, 154, 140)",#667754,"(102, 119, 84)",#bd9b58,"(189, 155, 88)",#2d4a2e,"(45, 74, 46)"
Banks of the Seine near Vetheuil_1881.jpg,#778571,"(119, 133, 113)",#5b6b54,"(91, 107, 84)",#93a295,"(147, 162, 149)",#bbc2c3,"(187, 194, 195)",#394938,"(57, 73, 56)"
In the Meadow _Vetheuil__1881.jpg,#747b50,"(116, 123, 80)",#53604d,"(83, 96, 77)",#929479,"(146, 148, 121)",#30413e,"(48, 65, 62)",#afb3a1,"(175, 179, 161)"
Low Tide at Pourville_1882.jpg,#bfc2a9,"(191, 194, 169)",#a5ab9e,"(165, 171, 158)",#8a938a,"(138, 147, 138)",#6a6e69,"(106, 110, 105)",#454240,"(69, 66, 64)"
Low Tide at Pourville_1882_1.jpg,#5e879a,"(94, 135, 154)",#567884,"(86, 120, 132)",#7d8072,"(125, 128, 114)",#a59d87,"(165, 157, 135)",#4e6461,"(78, 100, 97)"
Pourville_ near Dieppe_1882.jpg,#8eabad,"(142, 171, 173)",#b39d8b,"(179, 157, 139)",#709ba4,"(112, 155, 164)",#4d6c7c,"(77, 108, 124)",#847964,"(132, 121, 100)"
Low Tide at Varengeville_1882.jpg,#c7cac1,"(199, 202, 193)",#676748,"(103, 103, 72)",#c7b991,"(199, 185, 145)",#848973,"(132, 137, 115)",#334231,"(51, 66, 49)"
The Gorge at Varengeville_1882.JPG,#c6c5ca,"(198, 197, 202)",#beae93,"(190, 174, 147)",#9ba9b0,"(155, 169, 176)",#999278,"(153, 146, 120)",#626053,"(98, 96, 83)"
The Customs House at Pourville_1882.png,#888487,"(136, 132, 135)",#a09da0,"(160, 157, 160)",#6f6c6e,"(111, 108, 110)",#b9b8ba,"(185, 184, 186)",#514e4e,"(81, 78, 78)"
Anglers on the Seine at Poissy_1882.jpg,#69693f,"(105, 105, 63)",#5a5b2a,"(90, 91, 42)",#7c784c,"(124, 120, 76)",#3d452d,"(61, 69, 45)",#8f8b5f,"(143, 139, 95)"
Path in the Wheat in Pourville_1882.jpg,#d8d6bb,"(216, 214, 187)",#9cadcb,"(156, 173, 203)",#647fac,"(100, 127, 172)",#a99d5e,"(169, 157, 94)",#7e692f,"(126, 105, 47)"
Cliff at Pourville_1882.jpg,#b5bda8,"(181, 189, 168)",#a1b09f,"(161, 176, 159)",#697853,"(105, 120, 83)",#858b63,"(133, 139, 99)",#4c5d39,"(76, 93, 57)"
Fishing Nets at Pourville_1882.jpg,#cec2c8,"(206, 194, 200)",#e6dfdd,"(230, 223, 221)",#b3a5b3,"(179, 165, 179)",#81737f,"(129, 115, 127)",#443446,"(68, 52, 70)"
The Cliffs at Pourville_1882.jpg,#b8a893,"(184, 168, 147)",#a1907d,"(161, 144, 125)",#d0bea5,"(208, 190, 165)",#746d5e,"(116, 109, 94)",#393b2d,"(57, 59, 45)"
Low Tide at Pourville_ Misty Weather_1882.jpg,#b7a76f,"(183, 167, 111)",#d6c075,"(214, 192, 117)",#8d7d5c,"(141, 125, 92)",#728e94,"(114, 142, 148)",#5a4c53,"(90, 76, 83)"
Sailboats at Sea_ Pourville_1882.jpg,#a7b5b5,"(167, 181, 181)",#b7aea0,"(183, 174, 160)",#5b7c73,"(91, 124, 115)",#999d94,"(153, 157, 148)",#758b85,"(117, 139, 133)"
Cliff_1882.jpg,#dcdbd7,"(220, 219, 215)",#c2c8c8,"(194, 200, 200)",#737278,"(115, 114, 120)",#94969b,"(148, 150, 155)",#4d4a4c,"(77, 74, 76)"
The Cliffs at Varengeville_1882.png,#a9a9ae,"(169, 169, 174)",#c1c0c5,"(193, 192, 197)",#4f4f52,"(79, 79, 82)",#6d6c70,"(109, 108, 112)",#8d8c91,"(141, 140, 145)"
The _Fonds_ at Varengeville_1882.jpg,#c2c9c2,"(194, 201, 194)",#8fa4ca,"(143, 164, 202)",#776d44,"(119, 109, 68)",#a1996b,"(161, 153, 107)",#3e331d,"(62, 51, 29)"
Vase of Chrysanthemums_1882.png,#7c7f90,"(124, 127, 144)",#8d6c59,"(141, 108, 89)",#415e73,"(65, 94, 115)",#cfc6c3,"(207, 198, 195)",#c3af60,"(195, 175, 96)"
Cliff and Porte d_Aval_1883.jpg,#9eabb6,"(158, 171, 182)",#c9d0d5,"(201, 208, 213)",#7c8991,"(124, 137, 145)",#58636d,"(88, 99, 109)",#2c2e38,"(44, 46, 56)"
Rough weather at Étretat_1883.jpg,#8f9293,"(143, 146, 147)",#a6a8a9,"(166, 168, 169)",#c8c8c7,"(200, 200, 199)",#6f706f,"(111, 112, 111)",#50504e,"(80, 80, 78)"
The Seine at Port-Villez_1883.jpg,#aea6b2,"(174, 166, 178)",#9591a2,"(149, 145, 162)",#596993,"(89, 105, 147)",#454e4f,"(69, 78, 79)",#626667,"(98, 102, 103)"
The Hill at Notre-Dame-de-la-Mer on the Seine_1883.png,#8c8b8f,"(140, 139, 143)",#a6a5a9,"(166, 165, 169)",#716f72,"(113, 111, 114)",#c8c7cc,"(200, 199, 204)",#535053,"(83, 80, 83)"
Vase of Poppies_1883.jpg,#b8998e,"(184, 153, 142)",#c3b7af,"(195, 183, 175)",#626d6c,"(98, 109, 108)",#7d9b98,"(125, 155, 152)",#433d3b,"(67, 61, 59)"
Poppies in a China Vase_1883.jpg,#5c5d58,"(92, 93, 88)",#767977,"(118, 121, 119)",#969897,"(150, 152, 151)",#343f40,"(52, 63, 64)",#b4bac0,"(180, 186, 192)"
View of Bordighera_1884.jpg,#494d32,"(73, 77, 50)",#232415,"(35, 36, 21)",#929c96,"(146, 156, 150)",#747353,"(116, 115, 83)",#4b5a75,"(75, 90, 117)"
Valle Buona near Bordighera_1884.jpg,#89a3ae,"(137, 163, 174)",#adc3d2,"(173, 195, 210)",#5e8396,"(94, 131, 150)",#466065,"(70, 96, 101)",#191b1d,"(25, 27, 29)"
The Valley of Sasso_1884.jpg,#987d45,"(152, 125, 69)",#c8b16e,"(200, 177, 110)",#4c4534,"(76, 69, 52)",#72808a,"(114, 128, 138)",#c6d4d6,"(198, 212, 214)"
Garden at Bordighera_ Impression of Morning_1884.JPG,#797f76,"(121, 127, 118)",#59645e,"(89, 100, 94)",#919899,"(145, 152, 153)",#3b4544,"(59, 69, 68)",#b1b6bd,"(177, 182, 189)"
Olive Trees in Bordighera_1884.jpg,#7c724a,"(124, 114, 74)",#5d5131,"(93, 81, 49)",#9f9660,"(159, 150, 96)",#c8c07d,"(200, 192, 125)",#372916,"(55, 41, 22)"
Bridge at Dolceacqua_1884.jpg,#828277,"(130, 130, 119)",#b2a796,"(178, 167, 150)",#5e6056,"(94, 96, 86)",#7fa2af,"(127, 162, 175)",#100e0a,"(16, 14, 10)"
Monte Carlo seen from Roquebrune_1884.jpg,#b6adb5,"(182, 173, 181)",#cdc7cb,"(205, 199, 203)",#959096,"(149, 144, 150)",#747576,"(116, 117, 118)",#454a51,"(69, 74, 81)"
Haystacks at Giverny_1884.JPG,#91807b,"(145, 128, 123)",#69655d,"(105, 101, 93)",#b19f9f,"(177, 159, 159)",#434139,"(67, 65, 57)",#ddcccd,"(221, 204, 205)"
Cliffs at Les Petites-Dalles_1884.jpg,#d9dadb,"(217, 218, 219)",#5d625b,"(93, 98, 91)",#999f9c,"(153, 159, 156)",#9b8458,"(155, 132, 88)",#2b2723,"(43, 39, 35)"
Banks of the Seine at Jeufosse_ Clear Weather_1884.jpg,#a5acb0,"(165, 172, 176)",#768082,"(118, 128, 130)",#ae8e64,"(174, 142, 100)",#ede8e4,"(237, 232, 228)",#565645,"(86, 86, 69)"
Vase of Chrysanthemums_1882_85.jpg,#cbcdc9,"(203, 205, 201)",#4f513e,"(79, 81, 62)",#e1be73,"(225, 190, 115)",#aaafa4,"(170, 175, 164)",#948960,"(148, 137, 96)"
Yellow Daisies_1883.png,#c4c4c9,"(196, 196, 201)",#4c4b4d,"(76, 75, 77)",#aeaeb3,"(174, 174, 179)",#68686b,"(104, 104, 107)",#8d8c91,"(141, 140, 145)"
Basket of Apples_1883.jpg,#ada183,"(173, 161, 131)",#2a1f1f,"(42, 31, 31)",#9a7a55,"(154, 122, 85)",#624236,"(98, 66, 54)",#a03622,"(160, 54, 34)"
Oriental Lily_1883.png,#7d797e,"(125, 121, 126)",#686468,"(104, 100, 104)",#928f93,"(146, 143, 147)",#4e4a4e,"(78, 74, 78)",#b2aeb3,"(178, 174, 179)"
Vase of Tulips_1885.png,#555255,"(85, 82, 85)",#464244,"(70, 66, 68)",#6f6d70,"(111, 109, 112)",#929194,"(146, 145, 148)",#bfbdc1,"(191, 189, 193)"
The Seine at Port-Villez. Snow Effect_1885.jpg,#b7bdb1,"(183, 189, 177)",#9da39d,"(157, 163, 157)",#808788,"(128, 135, 136)",#5f6668,"(95, 102, 104)",#353c3f,"(53, 60, 63)"
Frost at Giverny_1885.jpg,#d0d1cf,"(208, 209, 207)",#babcc0,"(186, 188, 192)",#e4e5df,"(228, 229, 223)",#a2a5ac,"(162, 165, 172)",#757982,"(117, 121, 130)"
Road to Giverny in Winter_1885.png,#a5a7ab,"(165, 167, 171)",#bfbfbe,"(191, 191, 190)",#6a6a6f,"(106, 106, 111)",#898990,"(137, 137, 144)",#4e4c4f,"(78, 76, 79)"
Path at Giverny_1885.jpg,#6c6072,"(108, 96, 114)",#524542,"(82, 69, 66)",#ded7dc,"(222, 215, 220)",#2d221b,"(45, 34, 27)",#b4a3a0,"(180, 163, 160)"
Road to Giverny_1885.jpg,#deeae2,"(222, 234, 226)",#a9a27f,"(169, 162, 127)",#d0c8a2,"(208, 200, 162)",#7b7a5d,"(123, 122, 93)",#45452b,"(69, 69, 43)"
Houses on the side of the Road_1885.jpg,#8da9bc,"(141, 169, 188)",#a29e94,"(162, 158, 148)",#7f7e75,"(127, 126, 117)",#ccc3b8,"(204, 195, 184)",#57594d,"(87, 89, 77)"
Falaise_ near Giverny_1885.jpg,#a4956e,"(164, 149, 110)",#bdac8f,"(189, 172, 143)",#8f9040,"(143, 144, 64)",#c6c5be,"(198, 197, 190)",#6f7221,"(111, 114, 33)"
Winter Landscape at the Val de Falaise_1885.jpg,#a09986,"(160, 153, 134)",#6e7c58,"(110, 124, 88)",#cfc4b0,"(207, 196, 176)",#8eaccb,"(142, 172, 203)",#3a3324,"(58, 51, 36)"
Valley of Falaise in Winter_1885.jpg,#88756a,"(136, 117, 106)",#b0a49a,"(176, 164, 154)",#573b34,"(87, 59, 52)",#d4d8db,"(212, 216, 219)",#408350,"(64, 131, 80)"
Houses at Falaise in the Fog_1885.jpg,#9d9b9b,"(157, 155, 155)",#aeb1b2,"(174, 177, 178)",#838997,"(131, 137, 151)",#c4ccce,"(196, 204, 206)",#a18671,"(161, 134, 113)"
The Valley of Falaise_1885.jpg,#4e4437,"(78, 68, 55)",#73624c,"(115, 98, 76)",#2a241c,"(42, 36, 28)",#e3ddcf,"(227, 221, 207)",#998a71,"(153, 138, 113)"
Spring on the Banks of the Epte_1885.jpg,#a99a80,"(169, 154, 128)",#c5bdb0,"(197, 189, 176)",#6d744f,"(109, 116, 79)",#859fb2,"(133, 159, 178)",#2f3a1f,"(47, 58, 31)"
The River Epte_1885.jpg,#b0a686,"(176, 166, 134)",#c5c0a9,"(197, 192, 169)",#897f6a,"(137, 127, 106)",#73712e,"(115, 113, 46)",#373d21,"(55, 61, 33)"
Haystacks at Giverny_1885.jpg,#5d492a,"(93, 73, 42)",#c5c0a8,"(197, 192, 168)",#7b6c4c,"(123, 108, 76)",#2d2a17,"(45, 42, 23)",#c28d47,"(194, 141, 71)"
Meadow with Haystacks near Giverny_1885.jpg,#bbbaab,"(187, 186, 171)",#91927e,"(145, 146, 126)",#1e2e2c,"(30, 46, 44)",#3c4e48,"(60, 78, 72)",#657768,"(101, 119, 104)"
Flowery Meadow_1885.jpg,#95895e,"(149, 137, 94)",#aca89a,"(172, 168, 154)",#6f7145,"(111, 113, 69)",#13231a,"(19, 35, 26)",#3a4b37,"(58, 75, 55)"
Poppy Field at Giverny_1885.jpg,#c2ccd2,"(194, 204, 210)",#ca8962,"(202, 137, 98)",#6c7452,"(108, 116, 82)",#82a08d,"(130, 160, 141)",#353c2a,"(53, 60, 42)"
Poppy Field_1885.png,#d5d1d6,"(213, 209, 214)",#9d9a9e,"(157, 154, 158)",#838083,"(131, 128, 131)",#b8b6b9,"(184, 182, 185)",#656264,"(101, 98, 100)"
The Banks of the Seine at Port-Villez_1885.jpg,#788580,"(120, 133, 128)",#97a0a5,"(151, 160, 165)",#536762,"(83, 103, 98)",#bec2c8,"(190, 194, 200)",#233a39,"(35, 58, 57)"
Arm of the Seine at Giverny_1885.jpg,#d2cccb,"(210, 204, 203)",#adaca4,"(173, 172, 164)",#85857e,"(133, 133, 126)",#575a5d,"(87, 90, 93)",#292f32,"(41, 47, 50)"
Cliff and Porte d_Amont_ Morning Effect_1885.jpg,#9d9e99,"(157, 158, 153)",#b4b1a9,"(180, 177, 169)",#cfc7bf,"(207, 199, 191)",#808586,"(128, 133, 134)",#4d4642,"(77, 70, 66)"
Etretat_ Cliff and the Porte d_Aval_1885.jpg,#c0b9b7,"(192, 185, 183)",#9997a3,"(153, 151, 163)",#7b7480,"(123, 116, 128)",#d3d0d0,"(211, 208, 208)",#595058,"(89, 80, 88)"
Boats on the Beach at Etretat_1885.jpg,#7c8982,"(124, 137, 130)",#212526,"(33, 37, 38)",#656b61,"(101, 107, 97)",#434342,"(67, 67, 66)",#9ca5a4,"(156, 165, 164)"
Three Fishing Boats_1885.jpg,#919382,"(145, 147, 130)",#5d8579,"(93, 133, 121)",#b2b6a7,"(178, 182, 167)",#1a2023,"(26, 32, 35)",#6a6240,"(106, 98, 64)"
The Cliffs at Etretat_1885.jpg,#9fa8a7,"(159, 168, 167)",#6e86a6,"(110, 134, 166)",#807774,"(128, 119, 116)",#5d595d,"(93, 89, 93)",#3c383b,"(60, 56, 59)"
The Manneport at High Tide_1885.jpg,#afadac,"(175, 173, 172)",#8c8e96,"(140, 142, 150)",#6b717a,"(107, 113, 122)",#d2cec6,"(210, 206, 198)",#454f56,"(69, 79, 86)"
The Needle of Étretat seen through the Porte d_Amont_1885.png,#4b4648,"(75, 70, 72)",#848084,"(132, 128, 132)",#696568,"(105, 101, 104)",#9f9ba0,"(159, 155, 160)",#c3bfc4,"(195, 191, 196)"
Cliff and Porte d_Amont in Rough Weather_1885_86.jpg,#a1bfc9,"(161, 191, 201)",#c2c6bd,"(194, 198, 189)",#878a89,"(135, 138, 137)",#a1aaa3,"(161, 170, 163)",#d9dfd8,"(217, 223, 216)"
The Rock Needle seen through the Porte d_Aval_1886.jpg,#cdc1af,"(205, 193, 175)",#5d585d,"(93, 88, 93)",#757378,"(117, 115, 120)",#9a9594,"(154, 149, 148)",#423a3e,"(66, 58, 62)"
View of Vernon_1886.jpg,#ddcaa2,"(221, 202, 162)",#d5c07b,"(213, 192, 123)",#b7b265,"(183, 178, 101)",#94864b,"(148, 134, 75)",#37220f,"(55, 34, 15)"
View of village of Giverny_1886.jpg,#c7c3c1,"(199, 195, 193)",#3b3c28,"(59, 60, 40)",#687268,"(104, 114, 104)",#8c5d3a,"(140, 93, 58)",#bb9f74,"(187, 159, 116)"
Haystack at Giverny_1886.jpg,#c9b5af,"(201, 181, 175)",#bd946c,"(189, 148, 108)",#87825f,"(135, 130, 95)",#4b603e,"(75, 96, 62)",#14331b,"(20, 51, 27)"
Pyramids at Port-Coton_1886.jpg,#7c84a0,"(124, 132, 160)",#9ea6c5,"(158, 166, 197)",#626371,"(98, 99, 113)",#d3d5e3,"(211, 213, 227)",#423d42,"(66, 61, 66)"
Entrance of Port-Goulphar_ Belle-Ile_1886.jpg,#5b5e66,"(91, 94, 102)",#869eb5,"(134, 158, 181)",#cdc9c4,"(205, 201, 196)",#2c323f,"(44, 50, 63)",#948f7b,"(148, 143, 123)"
Coming into Port-Goulphar_ Belle-Ile_1886.jpg,#5e676c,"(94, 103, 108)",#4b454f,"(75, 69, 79)",#75838e,"(117, 131, 142)",#9da1b1,"(157, 161, 177)",#33272e,"(51, 39, 46)"
Belle-Ile at Sunset_1886.png,#545053,"(84, 80, 83)",#737073,"(115, 112, 115)",#918e92,"(145, 142, 146)",#b6b4b8,"(182, 180, 184)",#dcd9dd,"(220, 217, 221)"
Port Domois at Belle Ile_1886.jpg,#6c5957,"(108, 89, 87)",#8a797d,"(138, 121, 125)",#a9a1b0,"(169, 161, 176)",#453432,"(69, 52, 50)",#cdc8d3,"(205, 200, 211)"
Storm at Port-Goulphar_ Belle-Ile_1886.png,#bcbabe,"(188, 186, 190)",#a8a7ab,"(168, 167, 171)",#8f8d91,"(143, 141, 145)",#433f41,"(67, 63, 65)",#686568,"(104, 101, 104)"
Storm on the Cote de Belle-Ile_1886.jpg,#808373,"(128, 131, 115)",#9a9b83,"(154, 155, 131)",#66685d,"(102, 104, 93)",#494941,"(73, 73, 65)",#bab89b,"(186, 184, 155)"
Field at Giverny_1887.jpg,#7f8e9d,"(127, 142, 157)",#726156,"(114, 97, 86)",#727a82,"(114, 122, 130)",#c0c1bd,"(192, 193, 189)",#44433a,"(68, 67, 58)"
Sunlight Effect under the Poplars_1887.jpg,#d1d6da,"(209, 214, 218)",#6b725e,"(107, 114, 94)",#99a4a1,"(153, 164, 161)",#b2a25b,"(178, 162, 91)",#33392f,"(51, 57, 47)"
Two Women in a Rowing Boat_1887.png,#3e3837,"(62, 56, 55)",#4b4646,"(75, 70, 70)",#5e5a5b,"(94, 90, 91)",#827f81,"(130, 127, 129)",#c2bec3,"(194, 190, 195)"
Three Trees at Giverny_1887.jpg,#acb3ba,"(172, 179, 186)",#9c9fa6,"(156, 159, 166)",#595756,"(89, 87, 86)",#72737d,"(114, 115, 125)",#323a45,"(50, 58, 69)"
Antibes and the Maritime Alps_1888.jpg,#cccbc6,"(204, 203, 198)",#a09384,"(160, 147, 132)",#bfb49f,"(191, 180, 159)",#83746b,"(131, 116, 107)",#524044,"(82, 64, 68)"
View of Antibes from the Plateau Notre-Dame_1888.jpg,#a6c0dd,"(166, 192, 221)",#8d8868,"(141, 136, 104)",#8a9cc3,"(138, 156, 195)",#b8ac91,"(184, 172, 145)",#475864,"(71, 88, 100)"
Edge of the Mediterranean_ Grey Weather_1888.jpg,#a9aeb4,"(169, 174, 180)",#8c959f,"(140, 149, 159)",#54504f,"(84, 80, 79)",#796f6f,"(121, 111, 111)",#293031,"(41, 48, 49)"
Antibes_1888.jpg,#85aec4,"(133, 174, 196)",#6091a6,"(96, 145, 166)",#b3c4cd,"(179, 196, 205)",#4a6771,"(74, 103, 113)",#294044,"(41, 64, 68)"
Meadow at Giverny_ Morning effect_1888.jpg,#d5d7d8,"(213, 215, 216)",#aab9bf,"(170, 185, 191)",#bbc17b,"(187, 193, 123)",#7c9190,"(124, 145, 144)",#4e6066,"(78, 96, 102)"
Evening in the meadow at Giverny_1888.png,#867455,"(134, 116, 85)",#6b5e4b,"(107, 94, 75)",#a1875d,"(161, 135, 93)",#4f4a3c,"(79, 74, 60)",#a69181,"(166, 145, 129)"
Poplars at Giverny_1888.png,#928e93,"(146, 142, 147)",#a6a2a7,"(166, 162, 167)",#79767a,"(121, 118, 122)",#5c585d,"(92, 88, 93)",#c0bcc1,"(192, 188, 193)"
Mill at Limetz_1888.png,#464c3a,"(70, 76, 58)",#343225,"(52, 50, 37)",#5e6451,"(94, 100, 81)",#84846f,"(132, 132, 111)",#a9a38e,"(169, 163, 142)"
The Seine near Giverny_1888.jpg,#928c73,"(146, 140, 115)",#928435,"(146, 132, 53)",#6b8cb3,"(107, 140, 179)",#a6b1bc,"(166, 177, 188)",#625f33,"(98, 95, 51)"
Two Vases of Chrysanthemums_1888.png,#664331,"(102, 67, 49)",#966037,"(150, 96, 55)",#ac8c69,"(172, 140, 105)",#7e665c,"(126, 102, 92)",#c8b6a5,"(200, 182, 165)"
Grainstacks at Giverny_ Sunset_1888_89.jpg,#8b5f43,"(139, 95, 67)",#a58a70,"(165, 138, 112)",#65422f,"(101, 66, 47)",#dcb99a,"(220, 185, 154)",#e3a96b,"(227, 169, 107)"
Grainstacks at Giverny_ Morning Effect_1888_89.jpg,#bab0b1,"(186, 176, 177)",#cccaca,"(204, 202, 202)",#9199a5,"(145, 153, 165)",#b07d83,"(176, 125, 131)",#9a483a,"(154, 72, 58)"
Valley of the Creuse _Sunlight Effect__1889.jpg,#565347,"(86, 83, 71)",#797067,"(121, 112, 103)",#a5a6a7,"(165, 166, 167)",#282a27,"(40, 42, 39)",#516d7f,"(81, 109, 127)"
Ravine of the Creuse at the end of the Day_1889.jpg,#606262,"(96, 98, 98)",#474648,"(71, 70, 72)",#2c2a2d,"(44, 42, 45)",#797f81,"(121, 127, 129)",#b2b4b1,"(178, 180, 177)"
Valley of the Creuse _Gray Day__1889.jpg,#775f5a,"(119, 95, 90)",#82757e,"(130, 117, 126)",#5c4342,"(92, 67, 66)",#cecfd9,"(206, 207, 217)",#9ca2b0,"(156, 162, 176)"
Valley of the Creuse_1889.jpg,#291214,"(41, 18, 20)",#3f292b,"(63, 41, 43)",#d3cdaf,"(211, 205, 175)",#aaa48e,"(170, 164, 142)",#796658,"(121, 102, 88)"
The Old Tree at the Confluence_1889.jpg,#120f0f,"(18, 15, 15)",#302f2e,"(48, 47, 46)",#525452,"(82, 84, 82)",#d9dfe3,"(217, 223, 227)",#8e8d76,"(142, 141, 118)"
Willows at Sunset_1889.jpg,#d2c6aa,"(210, 198, 170)",#705f3a,"(112, 95, 58)",#3f331f,"(63, 51, 31)",#97886e,"(151, 136, 110)",#c1a537,"(193, 165, 55)"
The Poplars_1890.jpg,#d0ccbd,"(208, 204, 189)",#868f77,"(134, 143, 119)",#b4a887,"(180, 168, 135)",#a08d54,"(160, 141, 84)",#647149,"(100, 113, 73)"
Meadow at Giverny_1890.jpg,#e6e1dc,"(230, 225, 220)",#8aa475,"(138, 164, 117)",#647661,"(100, 118, 97)",#adc09a,"(173, 192, 154)",#3b473b,"(59, 71, 59)"
Meadow in flower at Giverny_1890.png,#cac2bd,"(202, 194, 189)",#79908e,"(121, 144, 142)",#9ba6ae,"(155, 166, 174)",#5a6d74,"(90, 109, 116)",#425253,"(66, 82, 83)"
Oat and Poppy Field_1890.png,#6c6a6f,"(108, 106, 111)",#b0afb5,"(176, 175, 181)",#858388,"(133, 131, 136)",#4e4b4f,"(78, 75, 79)",#c5c4c8,"(197, 196, 200)"
The Seine at Port-Villez_1890.jpg,#cebfaf,"(206, 191, 175)",#707b8a,"(112, 123, 138)",#96a1ac,"(150, 161, 172)",#b0956c,"(176, 149, 108)",#485550,"(72, 85, 80)"
Grainstacks_ Last Rays of the Sun_1890.jpg,#774b38,"(119, 75, 56)",#542820,"(84, 40, 32)",#e3d6bb,"(227, 214, 187)",#a3744d,"(163, 116, 77)",#d7c090,"(215, 192, 144)"
Grainstack in the Morning_ Snow Effect_1890_91.jpg,#bfb9bc,"(191, 185, 188)",#a19ca3,"(161, 156, 163)",#667da3,"(102, 125, 163)",#514141,"(81, 65, 65)",#68677a,"(104, 103, 122)"
Grainstack_1891.jpg,#6f5334,"(111, 83, 52)",#997a58,"(153, 122, 88)",#d7ac5d,"(215, 172, 93)",#87aabe,"(135, 170, 190)",#dfd4c7,"(223, 212, 199)"
Grainstack in the Sunshine_1891.jpg,#7b6260,"(123, 98, 96)",#7b727c,"(123, 114, 124)",#634e46,"(99, 78, 70)",#beb08b,"(190, 176, 139)",#bc9269,"(188, 146, 105)"
Poplars on the Banks of the River Epte_ Effect of Sunset_1891.png,#7b4f22,"(123, 79, 34)",#4b412c,"(75, 65, 44)",#756556,"(117, 101, 86)",#91898f,"(145, 137, 143)",#acaebe,"(172, 174, 190)"
Poplars at Sunset_1891.jpg,#5c5862,"(92, 88, 98)",#453c44,"(69, 60, 68)",#d2cdc8,"(210, 205, 200)",#7f7880,"(127, 120, 128)",#aea4a5,"(174, 164, 165)"
Poplars on the Banks of the Epte_1891.jpg,#93a3ad,"(147, 163, 173)",#a2968a,"(162, 150, 138)",#998064,"(153, 128, 100)",#838483,"(131, 132, 131)",#606664,"(96, 102, 100)"
Poplars on the Bank of the Epte_ Overcast_1891.png,#615e56,"(97, 94, 86)",#4d4839,"(77, 72, 57)",#767378,"(118, 115, 120)",#b1acad,"(177, 172, 173)",#98939a,"(152, 147, 154)"
Poplars_1891.jpg,#a2b2af,"(162, 178, 175)",#8c9584,"(140, 149, 132)",#b4b075,"(180, 176, 117)",#cdcebd,"(205, 206, 189)",#697671,"(105, 118, 113)"
Three Trees in Spring_1891.jpg,#ad988f,"(173, 152, 143)",#967a4a,"(150, 122, 74)",#767278,"(118, 114, 120)",#b8a14f,"(184, 161, 79)",#59523d,"(89, 82, 61)"
Three Trees in Summer_1891.jpg,#99a1be,"(153, 161, 190)",#c8bdc0,"(200, 189, 192)",#999462,"(153, 148, 98)",#b8a780,"(184, 167, 128)",#707850,"(112, 120, 80)"
The Poplars_ Autumn_1891.jpg,#5c565b,"(92, 86, 91)",#c3c3bb,"(195, 195, 187)",#80756e,"(128, 117, 110)",#3d3c44,"(61, 60, 68)",#a09b90,"(160, 155, 144)"
General view of Rouen_1892.jpg,#c0a393,"(192, 163, 147)",#a1898d,"(161, 137, 141)",#d1bda4,"(209, 189, 164)",#8b7375,"(139, 115, 117)",#ddd3c9,"(221, 211, 201)"
The Cour d_Albane_1892.jpg,#757489,"(117, 116, 137)",#9695aa,"(150, 149, 170)",#a4b4da,"(164, 180, 218)",#545260,"(84, 82, 96)",#252024,"(37, 32, 36)"
The Portal in the Sun_1894.jpg,#cdad9b,"(205, 173, 155)",#e7d2c3,"(231, 210, 195)",#b58271,"(181, 130, 113)",#9a5642,"(154, 86, 66)",#6e82bd,"(110, 130, 189)"
Rouen Cathedral_1894.jpg,#938b85,"(147, 139, 133)",#ac978c,"(172, 151, 140)",#867c70,"(134, 124, 112)",#bdaba2,"(189, 171, 162)",#9aa2a0,"(154, 162, 160)"
Floating Ice near Bennecourt_1893.jpg,#b9c0c4,"(185, 192, 196)",#cfccca,"(207, 204, 202)",#a1b1b8,"(161, 177, 184)",#c6b29b,"(198, 178, 155)",#85999b,"(133, 153, 155)"
Ice Floes on the Seine at Port-Villez_1893.jpg,#595461,"(89, 84, 97)",#827476,"(130, 116, 118)",#e6dcd0,"(230, 220, 208)",#36333e,"(54, 51, 62)",#aea7a8,"(174, 167, 168)"
Ice floes_ Evening Effect_1893.jpg,#c8c3aa,"(200, 195, 170)",#dedacb,"(222, 218, 203)",#9d9f9c,"(157, 159, 156)",#73767d,"(115, 118, 125)",#4a4a57,"(74, 74, 87)"
Rouen Cathedral in the Fog_1893.jpg,#8697ae,"(134, 151, 174)",#6c82a1,"(108, 130, 161)",#a4adbb,"(164, 173, 187)",#c6c7ca,"(198, 199, 202)",#536b90,"(83, 107, 144)"
Rouen Cathedral_ Portal_ Morning Light_1893.jpg,#9da7ab,"(157, 167, 171)",#808d97,"(128, 141, 151)",#66727f,"(102, 114, 127)",#c7c6bc,"(199, 198, 188)",#0d0d0c,"(13, 13, 12)"
Rouen Cathedral_ the Portal in the Sun_1894.jpg,#91957e,"(145, 149, 126)",#82836a,"(130, 131, 106)",#747153,"(116, 113, 83)",#a2a692,"(162, 166, 146)",#625b3a,"(98, 91, 58)"
Rouen Cathedral_ Portal_1893.JPG,#655d2a,"(101, 93, 42)",#a3a260,"(163, 162, 96)",#827f41,"(130, 127, 65)",#473c19,"(71, 60, 25)",#c7c37f,"(199, 195, 127)"
Rouen Cathedral_1893.jpg,#ac8e88,"(172, 142, 136)",#8a6b66,"(138, 107, 102)",#544559,"(84, 69, 89)",#cbb5b1,"(203, 181, 177)",#36212a,"(54, 33, 42)"
Morning on the Seine at Giverny_1893.png,#ceb092,"(206, 176, 146)",#c59866,"(197, 152, 102)",#e1ccb6,"(225, 204, 182)",#8b796e,"(139, 121, 110)",#a59a91,"(165, 154, 145)"
Springtime Landscape_1894.jpg,#bdb9a1,"(189, 185, 161)",#aabcd8,"(170, 188, 216)",#7192c7,"(113, 146, 199)",#b7aa6f,"(183, 170, 111)",#8f957a,"(143, 149, 122)"
The Seine at Port-Villez_1884.jpg,#d5d4d9,"(213, 212, 217)",#828897,"(130, 136, 151)",#9a9fb0,"(154, 159, 176)",#bcb7be,"(188, 183, 190)",#545d60,"(84, 93, 96)"
The Seine at Port-Villez_ Clear Weather_1894.jpg,#e6e3d0,"(230, 227, 208)",#a3ad9f,"(163, 173, 159)",#c2c5b9,"(194, 197, 185)",#8c936c,"(140, 147, 108)",#525d38,"(82, 93, 56)"
The Seine at Port-Villez_ Pink Effect_1894.jpg,#e0d2b6,"(224, 210, 182)",#d7c1a5,"(215, 193, 165)",#332616,"(51, 38, 22)",#5c503c,"(92, 80, 60)",#b3a38c,"(179, 163, 140)"
The Seine in the Mist_1894.png,#b0adb1,"(176, 173, 177)",#9b979c,"(155, 151, 156)",#c9c7ca,"(201, 199, 202)",#757075,"(117, 112, 117)",#514d4e,"(81, 77, 78)"
Vernon Church in Grey Weather_1894.jpg,#bdbdbe,"(189, 189, 190)",#8e9296,"(142, 146, 150)",#afadab,"(175, 173, 171)",#9e9fa0,"(158, 159, 160)",#7b8792,"(123, 135, 146)"
Houses in the Snow_ Norway_1895.jpg,#ccc9bc,"(204, 201, 188)",#d7d7ca,"(215, 215, 202)",#bbb9af,"(187, 185, 175)",#471f10,"(71, 31, 16)",#77624f,"(119, 98, 79)"
Sandviken Village_ Snow Effect_1895.png,#524e4f,"(82, 78, 79)",#6d696b,"(109, 105, 107)",#8d898c,"(141, 137, 140)",#cccacc,"(204, 202, 204)",#aaa7ab,"(170, 167, 171)"
Norwegian Landscape_ Sandviken_1895.jpg,#a99b84,"(169, 155, 132)",#91816f,"(145, 129, 111)",#c5bea0,"(197, 190, 160)",#98743a,"(152, 116, 58)",#654e45,"(101, 78, 69)"
Houses in the Snow_1895.jpg,#bcb8a4,"(188, 184, 164)",#afa78b,"(175, 167, 139)",#d1cec4,"(209, 206, 196)",#998069,"(153, 128, 105)",#6b524c,"(107, 82, 76)"
Mount Kolsaas in Clear Weather_1895.png,#aaa7ab,"(170, 167, 171)",#bdbabd,"(189, 186, 189)",#555052,"(85, 80, 82)",#686466,"(104, 100, 102)",#868285,"(134, 130, 133)"
Mount Kolsaas_ Evening Effect_1895.jpg,#bdc6d3,"(189, 198, 211)",#303649,"(48, 54, 73)",#a0b1cc,"(160, 177, 204)",#4c546b,"(76, 84, 107)",#727c95,"(114, 124, 149)"
The Bridge in Monet_s Garden_1895.png,#897d6f,"(137, 125, 111)",#8a724e,"(138, 114, 78)",#70614d,"(112, 97, 77)",#a19891,"(161, 152, 145)",#8085a1,"(128, 133, 161)"
On the Cliff near Dieppe_1896.jpg,#98a288,"(152, 162, 136)",#a08d63,"(160, 141, 99)",#566f84,"(86, 111, 132)",#9b7643,"(155, 118, 67)",#7b5b2b,"(123, 91, 43)"
Morning on the Seine_1896.jpg,#666b68,"(102, 107, 104)",#4d4e48,"(77, 78, 72)",#818698,"(129, 134, 152)",#b2a8b5,"(178, 168, 181)",#0f0c0a,"(15, 12, 10)"
Cliffs at Pourville_ Morning_1897.jpg,#c4bfb1,"(196, 191, 177)",#d4cdc5,"(212, 205, 197)",#caaa7b,"(202, 170, 123)",#aea79f,"(174, 167, 159)",#a58866,"(165, 136, 102)"
Customs House at Varengeville_1897.jpg,#abaea2,"(171, 174, 162)",#cdb576,"(205, 181, 118)",#bb9f5c,"(187, 159, 92)",#55718c,"(85, 113, 140)",#78919a,"(120, 145, 154)"
On the Cliffs near Dieppe_1897.jpg,#a09099,"(160, 144, 153)",#a6a9c0,"(166, 169, 192)",#bcbcd9,"(188, 188, 217)",#8e7d7c,"(142, 125, 124)",#c8a49b,"(200, 164, 155)"
At Val Saint-Nicolas near Dieppe_ Morning_1897.jpg,#d5c8b7,"(213, 200, 183)",#a38f81,"(163, 143, 129)",#beb3a4,"(190, 179, 164)",#937852,"(147, 120, 82)",#28180d,"(40, 24, 13)"
Arm of the Seine near Giverny in the Fog_1897.jpg,#868f8c,"(134, 143, 140)",#a3a8b3,"(163, 168, 179)",#c6c2cc,"(198, 194, 204)",#727671,"(114, 118, 113)",#efe0e0,"(239, 224, 224)"
Morning on the Seine_1897.jpg,#787c8c,"(120, 124, 140)",#ada9bf,"(173, 169, 191)",#9696af,"(150, 150, 175)",#5e5b61,"(94, 91, 97)",#110e11,"(17, 14, 17)"
Morning on the Seine near Giverny_1896.jpg,#455360,"(69, 83, 96)",#5f6a7c,"(95, 106, 124)",#d3c6bb,"(211, 198, 187)",#928e92,"(146, 142, 146)",#2e2d2b,"(46, 45, 43)"
Banks of the Seine_ Morning_1897.jpg,#a7c1d4,"(167, 193, 212)",#97a6b5,"(151, 166, 181)",#cedcdc,"(206, 220, 220)",#74859e,"(116, 133, 158)",#435b81,"(67, 91, 129)"
Willows_1897.png,#4e423a,"(78, 66, 58)",#645247,"(100, 82, 71)",#3c2e28,"(60, 46, 40)",#816353,"(129, 99, 83)",#a37b63,"(163, 123, 99)"
Charing Cross Bridge_ The Thames_1899_1901.jpg,#b8afae,"(184, 175, 174)",#8596a9,"(133, 150, 169)",#a19fa4,"(161, 159, 164)",#678da7,"(103, 141, 167)",#c0a493,"(192, 164, 147)"
Charing Cross Bridge_1899_1901.jpg,#929597,"(146, 149, 151)",#788c99,"(120, 140, 153)",#818a88,"(129, 138, 136)",#657e8b,"(101, 126, 139)",#aea7a0,"(174, 167, 160)"
Charing Cross Bridge_1899_1901.png,#59575b,"(89, 87, 91)",#484649,"(72, 70, 73)",#6e6d71,"(110, 109, 113)",#858488,"(133, 132, 136)",#a2a1a5,"(162, 161, 165)"
Waterloo Bridge_ Grey Weather_1899_1901.jpg,#828f87,"(130, 143, 135)",#68807e,"(104, 128, 126)",#506d6f,"(80, 109, 111)",#3a5d64,"(58, 93, 100)",#91a098,"(145, 160, 152)"
Waterloo Bridge_ Sun Effect_1903.jpg,#8978b0,"(137, 120, 176)",#7065a9,"(112, 101, 169)",#a087ba,"(160, 135, 186)",#c6a5b2,"(198, 165, 178)",#e9d1cb,"(233, 209, 203)"
Waterloo Bridge_ Grey Day_1903.jpg,#56535b,"(86, 83, 91)",#93868c,"(147, 134, 140)",#736c71,"(115, 108, 113)",#b6a09e,"(182, 160, 158)",#3c3c46,"(60, 60, 70)"
Waterloo Bridge_ Fog_ Sunlight Effect_1899_1901.png,#626596,"(98, 101, 150)",#7c79a9,"(124, 121, 169)",#515278,"(81, 82, 120)",#998db5,"(153, 141, 181)",#c2b2c7,"(194, 178, 199)"
Waterloo Bridge_1899_1901.png,#b4bd82,"(180, 189, 130)",#9aaf78,"(154, 175, 120)",#cbcb8f,"(203, 203, 143)",#7b9d6d,"(123, 157, 109)",#d2d5b4,"(210, 213, 180)"
Waterloo Bridge_ Sunlight Effect_1903.jpg,#8b8eaa,"(139, 142, 170)",#7f84a3,"(127, 132, 163)",#9998ae,"(153, 152, 174)",#92899a,"(146, 137, 154)",#6c78a0,"(108, 120, 160)"
Houses of Parliament_ Effect of Sunlight in the Fog_1900_01.png,#4f4e6a,"(79, 78, 106)",#424159,"(66, 65, 89)",#7d788f,"(125, 120, 143)",#63617b,"(99, 97, 123)",#968c9d,"(150, 140, 157)"
Houses of Parliament_ Sunset_1900_01.jpg,#878494,"(135, 132, 148)",#3e5f7b,"(62, 95, 123)",#9e98a0,"(158, 152, 160)",#63728c,"(99, 114, 140)",#c5bfbd,"(197, 191, 189)"
Houses of Parliament_ Stormy Sky_1900_01.JPG,#a98b7d,"(169, 139, 125)",#3a4b5c,"(58, 75, 92)",#c5a996,"(197, 169, 150)",#74656a,"(116, 101, 106)",#814d36,"(129, 77, 54)"
Houses of Parliament_ Sunset_1904.jpg,#7e6864,"(126, 104, 100)",#90797c,"(144, 121, 124)",#4e5b71,"(78, 91, 113)",#5d5959,"(93, 89, 89)",#b97b5b,"(185, 123, 91)"
Houses of Parliament_ Seagulls_1904.JPG,#868cad,"(134, 140, 173)",#7c7e99,"(124, 126, 153)",#9a99b4,"(154, 153, 180)",#ababc6,"(171, 171, 198)",#716e7d,"(113, 110, 125)"
Garden Path_1900.png,#555054,"(85, 80, 84)",#6f6a6e,"(111, 106, 110)",#3d373b,"(61, 55, 59)",#8c888c,"(140, 136, 140)",#b1adb1,"(177, 173, 177)"
Le Jardin de l_artiste à Giverny_1900.jpg,#5e5646,"(94, 86, 70)",#7c6e60,"(124, 110, 96)",#998d7c,"(153, 141, 124)",#40392d,"(64, 57, 45)",#bcb0a1,"(188, 176, 161)"
The Main Path at Giverny_1900.jpg,#505455,"(80, 84, 85)",#78796a,"(120, 121, 106)",#272e3c,"(39, 46, 60)",#9c9e8c,"(156, 158, 140)",#dcc4a8,"(220, 196, 168)"
Vetheuil_1901.png,#6b666b,"(107, 102, 107)",#817c81,"(129, 124, 129)",#575357,"(87, 83, 87)",#9a959a,"(154, 149, 154)",#b8b4b8,"(184, 180, 184)"
The Garden Path at Giverny_1902_03.jpg,#402b22,"(64, 43, 34)",#5b4435,"(91, 68, 53)",#221310,"(34, 19, 16)",#7d6147,"(125, 97, 71)",#a18566,"(161, 133, 102)"
The Grand Canal and Santa Maria della Salute_1908.jpg,#bcc0c3,"(188, 192, 195)",#879aa2,"(135, 154, 162)",#aca69d,"(172, 166, 157)",#758386,"(117, 131, 134)",#3c586a,"(60, 88, 106)"
The Grand Canal_ Venice_1908.jpg,#6989be,"(105, 137, 190)",#596e9b,"(89, 110, 155)",#3d4d77,"(61, 77, 119)",#aaa6b4,"(170, 166, 180)",#25263e,"(37, 38, 62)"
Ducal Palace seen from San Giorgio Maggiore_1908.jpg,#b7b0af,"(183, 176, 175)",#cfbfb7,"(207, 191, 183)",#cfd4cf,"(207, 212, 207)",#8c91a5,"(140, 145, 165)",#747d95,"(116, 125, 149)"
Rio della Salute_1908.jpg,#785d40,"(120, 93, 64)",#a37550,"(163, 117, 80)",#57452f,"(87, 69, 47)",#818478,"(129, 132, 120)",#cd996a,"(205, 153, 106)"
The Seine at Port-Villez_1908_12.png,#4e4848,"(78, 72, 72)",#5f595a,"(95, 89, 90)",#b7b2b5,"(183, 178, 181)",#767072,"(118, 112, 114)",#9b9698,"(155, 150, 152)"
Agapanthus_1914_17.JPG,#697477,"(105, 116, 119)",#80909d,"(128, 144, 157)",#464550,"(70, 69, 80)",#69663b,"(105, 102, 59)",#b4b9c6,"(180, 185, 198)"
Irises_1914_17.jpg,#626f50,"(98, 111, 80)",#748b75,"(116, 139, 117)",#4e747f,"(78, 116, 127)",#305350,"(48, 83, 80)",#9aaa9b,"(154, 170, 155)"
Weeping Willow and Water-Lily Pond_1916_19.jpg,#8d846f,"(141, 132, 111)",#6a604e,"(106, 96, 78)",#aaa79b,"(170, 167, 155)",#c8cbdc,"(200, 203, 220)",#3b3229,"(59, 50, 41)"
Weeping Willow_1918_19.jpg,#5f5024,"(95, 80, 36)",#7f7324,"(127, 115, 36)",#3b2b17,"(59, 43, 23)",#707260,"(112, 114, 96)",#a19c3d,"(161, 156, 61)"
Wisteria_1917_20.jpg,#abaaae,"(171, 170, 174)",#9c9a9b,"(156, 154, 155)",#bdbbbf,"(189, 187, 191)",#888587,"(136, 133, 135)",#6e6a6a,"(110, 106, 106)"
The Japanese Bridge_1918_24.png,#605c5d,"(96, 92, 93)",#726d6f,"(114, 109, 111)",#888386,"(136, 131, 134)",#a19da1,"(161, 157, 161)",#c2bec1,"(194, 190, 193)"
The Japanese Bridge_1918_24.jpg,#454137,"(69, 65, 55)",#33322c,"(51, 50, 44)",#5b513c,"(91, 81, 60)",#776646,"(119, 102, 70)",#96815f,"(150, 129, 95)"
The Path under the Rose Trees_1918_24.png,#51362e,"(81, 54, 46)",#594741,"(89, 71, 65)",#73472f,"(115, 71, 47)",#7a6956,"(122, 105, 86)",#a6998f,"(166, 153, 143)"
The Artist_s House_ View from the Rose Garden_1922_24.JPG,#67514e,"(103, 81, 78)",#4e2d2f,"(78, 45, 47)",#8a7d70,"(138, 125, 112)",#dcb487,"(220, 180, 135)",#a35740,"(163, 87, 64)"
The House through the Roses_1925_26.jpg,#7f7d5a,"(127, 125, 90)",#5a5347,"(90, 83, 71)",#a5a07b,"(165, 160, 123)",#302620,"(48, 38, 32)",#7f86a2,"(127, 134, 162)"
