filename,color_1_rgb,color_2_rgb,color_3_rgb,color_4_rgb,color_5_rgb
View at Rouelles_ Le Havre_1858.jpg,"(24, 31, 16)","(84, 88, 50)","(135, 135, 119)","(185, 189, 220)","(228, 232, 241)"
Landscape with Factories_1858_61.jpg,"(46, 48, 43)","(120, 107, 81)","(223, 206, 176)","(189, 206, 218)","(235, 231, 218)"
Landscape with Factories_1858_61.png,"(50, 39, 34)","(88, 72, 49)","(135, 118, 101)","(166, 161, 139)","(202, 193, 166)"
Corner of a Studio_1861.jpg,"(33, 28, 39)","(83, 64, 68)","(176, 69, 66)","(134, 123, 106)","(220, 195, 136)"
Still Life with Meat_1862_63.jpg,"(21, 8, 8)","(98, 26, 17)","(158, 58, 23)","(191, 103, 36)","(235, 170, 79)"
Seashore at Sainte-Adresse_1864.jpg,"(18, 15, 12)","(74, 67, 44)","(118, 109, 96)","(135, 127, 116)","(171, 163, 143)"
Road by Saint-Siméon Farm_1864.jpg,"(20, 27, 18)","(50, 55, 32)","(84, 84, 52)","(132, 129, 88)","(170, 165, 128)"
Le Lieutenance at Honfleur_1864.jpg,"(30, 28, 28)","(78, 73, 68)","(132, 125, 122)","(169, 162, 183)","(224, 218, 224)"
Le Rue de la Bavole at Honfleur_1864.jpg,"(25, 23, 15)","(56, 55, 44)","(107, 102, 73)","(152, 152, 115)","(136, 165, 193)"
Farm near Honfleur_1864.jpg,"(55, 26, 18)","(95, 63, 39)","(119, 98, 49)","(151, 117, 81)","(227, 207, 194)"
La Pointe de la Hève_ Honfleur_1864.jpg,"(98, 85, 54)","(135, 121, 92)","(164, 163, 156)","(183, 181, 172)","(214, 212, 198)"
Dr. Leclenché_1864.jpg,"(21, 15, 17)","(57, 41, 30)","(82, 55, 35)","(115, 84, 45)","(179, 144, 98)"
Haystacks at Chailly at Sunrise_1865.jpg,"(51, 40, 36)","(125, 100, 64)","(186, 156, 83)","(223, 199, 131)","(159, 193, 228)"
Le Déjeuner sur l_herbe - left panel_1865_66.jpg,"(18, 22, 16)","(58, 63, 38)","(117, 90, 59)","(145, 134, 96)","(182, 176, 145)"
Le Déjeuner sur l_herbe - right panel_1865_66.jpg,"(38, 35, 19)","(77, 78, 41)","(117, 118, 77)","(160, 158, 146)","(213, 210, 212)"
Adolphe Monet in the Garden of Le Coteau at Sainte-Adresse_1867.jpg,"(59, 51, 21)","(101, 83, 51)","(153, 136, 84)","(215, 179, 140)","(229, 219, 213)"
Fishing Boats_1866.jpg,"(30, 30, 39)","(86, 71, 61)","(136, 114, 90)","(183, 171, 137)","(224, 217, 191)"
Port of Honfleur_1867.png,"(93, 88, 89)","(124, 120, 122)","(157, 153, 155)","(191, 188, 191)","(225, 223, 226)"
The Road to the Farm of Saint-Simeon in Winter_1867.jpg,"(44, 42, 30)","(88, 85, 73)","(136, 137, 128)","(180, 186, 181)","(209, 214, 206)"
The Snowy Road at Honfleur_1867.png,"(70, 66, 70)","(106, 103, 107)","(151, 148, 151)","(191, 190, 194)","(218, 216, 219)"
L_Entrée du port de Le Havre_1867.JPG,"(85, 82, 80)","(112, 115, 111)","(137, 136, 137)","(161, 160, 162)","(222, 221, 215)"
Taking a Walk on the Cliffs of Sainte-Adresse_1867.JPG,"(68, 63, 37)","(123, 108, 58)","(130, 136, 140)","(165, 169, 169)","(202, 204, 197)"
Garden at Sainte-Adresse_1867.jpg,"(45, 46, 37)","(61, 83, 97)","(102, 92, 59)","(114, 126, 150)","(157, 161, 163)"
Street in Sainte-Adresse_1867.jpg,"(68, 62, 34)","(96, 89, 67)","(134, 124, 99)","(150, 150, 146)","(188, 185, 175)"
The Huts at Sainte-Adresse_1868.png,"(69, 36, 32)","(122, 65, 40)","(163, 103, 64)","(211, 181, 151)","(226, 209, 187)"
Fishing Boats_ Calm Sea_1868.jpg,"(66, 48, 43)","(80, 92, 90)","(104, 131, 131)","(148, 180, 184)","(177, 214, 212)"
Interior_ after Dinner_1868_69.jpg,"(41, 34, 29)","(53, 46, 40)","(85, 69, 53)","(136, 109, 68)","(206, 188, 135)"
The Luncheon_1868.jpg,"(16, 13, 12)","(61, 49, 32)","(86, 86, 80)","(143, 147, 140)","(216, 221, 219)"
The Landing Stage_1869.jpg,"(17, 21, 8)","(62, 66, 30)","(119, 114, 73)","(169, 166, 138)","(227, 226, 203)"
Pheasant_1869.jpeg,"(38, 13, 13)","(83, 52, 39)","(143, 110, 91)","(186, 173, 173)","(225, 215, 218)"
Boar_s Head_1869.jpg,"(36, 32, 11)","(87, 85, 45)","(138, 134, 82)","(198, 197, 139)","(236, 235, 174)"
Road to Louveciennes_ Snow Effect_1869.jpg,"(30, 30, 27)","(90, 91, 82)","(147, 148, 136)","(181, 192, 196)","(229, 229, 221)"
The Seine at Bougival_ Evening_1870.jpg,"(42, 40, 25)","(99, 92, 80)","(157, 134, 109)","(202, 182, 144)","(249, 249, 247)"
Entrance to the Port of Trouville_1870.jpg,"(49, 56, 49)","(115, 107, 89)","(166, 155, 135)","(187, 188, 185)","(218, 220, 224)"
The Beach at Trouville_1870.jpg,"(52, 53, 42)","(94, 93, 84)","(134, 132, 125)","(157, 158, 165)","(186, 179, 171)"
The Boardwalk on the Beach at Trouville_1870.jpg,"(65, 73, 73)","(139, 126, 107)","(130, 156, 193)","(177, 179, 177)","(209, 206, 192)"
Camille Sitting on the Beach at Trouville_1870_71.jpg,"(76, 47, 42)","(135, 109, 87)","(158, 156, 163)","(190, 166, 122)","(195, 189, 176)"
Camille on the Beach_1870_71.jpg,"(40, 43, 50)","(114, 111, 110)","(163, 160, 148)","(189, 191, 179)","(209, 215, 211)"
Hyde Park_1871.jpg,"(70, 68, 42)","(94, 93, 81)","(127, 117, 100)","(149, 140, 132)","(172, 159, 145)"
The  Thames below Westminster_1871.jpg,"(35, 35, 12)","(83, 82, 44)","(120, 114, 64)","(148, 137, 87)","(165, 162, 135)"
The Pool of London_1871.jpg,"(43, 43, 49)","(80, 81, 87)","(123, 125, 135)","(161, 163, 160)","(195, 196, 196)"
Vue d_un port_1871.jpg,"(56, 60, 60)","(101, 106, 101)","(143, 149, 136)","(173, 184, 167)","(190, 199, 188)"
Windmills near Zaandam_1871.jpg,"(74, 71, 63)","(99, 94, 81)","(115, 115, 109)","(134, 135, 130)","(147, 147, 142)"
Windmills at Zaandam_1871.jpg,"(82, 73, 71)","(127, 113, 96)","(159, 153, 157)","(179, 174, 176)","(200, 199, 200)"
Zaandam_1871.jpg,"(90, 65, 51)","(127, 96, 71)","(152, 122, 96)","(164, 148, 138)","(179, 169, 167)"
The Dam at Zaandam_ evening_1871.jpg,"(46, 52, 47)","(80, 85, 76)","(120, 127, 111)","(169, 174, 162)","(219, 224, 207)"
Guurtje Van de Stadt_1871.jpg,"(25, 23, 24)","(58, 48, 41)","(139, 99, 39)","(177, 142, 75)","(190, 162, 104)"
The Garden_1872.jpg,"(42, 57, 42)","(95, 102, 61)","(157, 149, 80)","(207, 186, 129)","(179, 198, 222)"
The Seine downstream from Rouen_1872.jpg,"(35, 43, 43)","(92, 92, 92)","(144, 144, 141)","(182, 185, 180)","(205, 211, 204)"
Boats at Rouen_1872.jpg,"(37, 35, 36)","(91, 85, 82)","(146, 140, 134)","(175, 179, 184)","(197, 206, 214)"
Ships Riding on the Seine at Rouen_1872.jpg,"(68, 67, 53)","(112, 113, 97)","(147, 155, 145)","(141, 177, 193)","(180, 198, 197)"
The Mount Riboudet in Rouen in Spring_1872.jpg,"(86, 91, 87)","(127, 125, 119)","(164, 159, 139)","(208, 184, 153)","(208, 225, 238)"
The Seine at Rouen_1872.jpg,"(80, 76, 73)","(112, 104, 97)","(137, 133, 127)","(136, 150, 154)","(162, 153, 143)"
Lane in the Vineyards at Argenteuil_1872.jpg,"(58, 59, 26)","(113, 121, 66)","(154, 155, 99)","(187, 184, 176)","(202, 201, 201)"
The Banks of the Seine at Argenteuil_1872.jpg,"(41, 31, 43)","(81, 77, 74)","(127, 121, 113)","(122, 145, 178)","(167, 178, 193)"
Argenteuil Seen from the Small Arm of the Seine_1872.jpg,"(57, 54, 43)","(105, 104, 90)","(155, 156, 152)","(186, 190, 199)","(216, 220, 227)"
Regatta at Argenteuil_1872.jpg,"(109, 102, 65)","(140, 129, 94)","(139, 147, 141)","(160, 166, 157)","(201, 191, 156)"
Voilier_1872.jpg,"(84, 89, 75)","(132, 139, 139)","(157, 162, 159)","(178, 182, 177)","(206, 209, 199)"
The Seine near Bougival_1872.jpg,"(80, 83, 46)","(129, 123, 82)","(180, 165, 109)","(159, 168, 183)","(179, 189, 207)"
Carrières-Saint-Denis_1872.jpg,"(50, 66, 58)","(89, 96, 87)","(101, 114, 121)","(132, 133, 126)","(134, 156, 172)"
Jean Monet on His Horse Tricycle_1872.jpg,"(47, 47, 26)","(76, 75, 47)","(105, 103, 74)","(165, 151, 120)","(195, 183, 159)"
Village Street_1872.jpg,"(13, 12, 11)","(53, 49, 43)","(95, 90, 76)","(147, 141, 127)","(173, 180, 181)"
Partridge and Woodcock_1872.jpg,"(47, 22, 9)","(98, 71, 46)","(156, 126, 85)","(221, 177, 108)","(237, 199, 139)"
The Red Kerchief_ Portrait of Madame Monet_1873.jpg,"(48, 48, 48)","(70, 68, 64)","(94, 94, 90)","(118, 123, 125)","(175, 183, 185)"
Boats at Rouen_1873.jpg,"(32, 42, 14)","(72, 81, 51)","(120, 124, 101)","(164, 167, 153)","(189, 195, 192)"
Apple Trees in Bloom_1873.jpg,"(96, 103, 57)","(140, 144, 96)","(172, 177, 142)","(173, 193, 224)","(206, 219, 228)"
Walk in the Meadows at Argenteuil_1873.jpg,"(57, 57, 50)","(125, 119, 92)","(149, 146, 112)","(172, 175, 171)","(204, 206, 196)"
The Bridge at Argenteuil_1873.jpg,"(43, 45, 40)","(96, 98, 84)","(137, 143, 119)","(176, 177, 161)","(208, 212, 218)"
The Artist_s House at Argenteuil_1873.jpg,"(68, 80, 57)","(101, 113, 88)","(141, 144, 132)","(117, 157, 185)","(176, 178, 168)"
Carnaval Boulevard des Capucines_1873.jpg,"(44, 22, 14)","(96, 67, 40)","(142, 105, 62)","(176, 136, 82)","(201, 168, 129)"
The Sea at Amsterdam_1874.jpg,"(78, 84, 77)","(134, 146, 143)","(156, 183, 191)","(187, 204, 205)","(221, 225, 217)"
View of the Prins Hendrikkade and the Kromme Waal in Amsterdam_1874.jpg,"(44, 52, 50)","(83, 93, 87)","(114, 123, 117)","(158, 159, 152)","(180, 184, 178)"
The Zuiderkerk_ Amsterdam_1874.jpg,"(91, 94, 78)","(126, 126, 111)","(164, 153, 122)","(138, 157, 165)","(169, 179, 174)"
The Banks of the Seine at the Argenteuil Bridge_1874.jpg,"(42, 49, 41)","(92, 104, 75)","(133, 145, 97)","(171, 176, 131)","(220, 210, 186)"
The Promenade near the Railroad Bridge_ Argenteuil_1874.jpg,"(109, 78, 74)","(160, 128, 92)","(192, 160, 150)","(232, 211, 202)","(245, 231, 227)"
The Seine at Argenteuil_1874.jpg,"(85, 67, 26)","(130, 110, 56)","(111, 113, 131)","(171, 143, 78)","(176, 157, 143)"
Argenteuil Basin with a Single Sailboat_1874.jpg,"(106, 81, 69)","(147, 116, 85)","(156, 140, 130)","(175, 184, 186)","(197, 207, 208)"
Sailboat at Le Petit-Gennevilliers_1874.jpg,"(33, 43, 48)","(95, 101, 101)","(137, 142, 144)","(185, 182, 161)","(223, 218, 180)"
The Pond_ Snow Effect_1875.png,"(118, 69, 43)","(145, 99, 65)","(165, 127, 93)","(183, 151, 124)","(202, 180, 164)"
Snow at Argenteuil_1875.jpg,"(103, 86, 75)","(137, 119, 112)","(157, 139, 131)","(177, 159, 148)","(194, 176, 160)"
Train in the Snow_ the Locomotive_1875.jpg,"(58, 60, 49)","(102, 104, 98)","(149, 147, 144)","(184, 181, 182)","(227, 224, 218)"
View of Argenteuil in the Snow_1875.jpg,"(79, 75, 66)","(131, 132, 125)","(165, 169, 164)","(192, 197, 191)","(219, 222, 216)"
Frost_1875.png,"(72, 80, 95)","(114, 125, 140)","(139, 161, 181)","(175, 157, 153)","(200, 206, 211)"
A Corner of the Apartment_1875.jpg,"(60, 62, 54)","(84, 86, 74)","(111, 113, 88)","(139, 138, 103)","(168, 166, 133)"
Red Boats_ Argenteuil_1875.jpg,"(84, 96, 93)","(101, 125, 137)","(138, 146, 138)","(131, 165, 181)","(170, 186, 189)"
La Promenade_ Argenteuil_1875.jpg,"(50, 61, 60)","(98, 107, 93)","(160, 159, 119)","(111, 150, 190)","(165, 187, 193)"
Towpath at Argenteuil in the Snow_1875.jpg,"(81, 84, 91)","(124, 127, 130)","(152, 157, 166)","(170, 178, 187)","(195, 197, 200)"
The Parc Monceau_1876.jpg,"(63, 63, 31)","(112, 114, 58)","(171, 160, 81)","(192, 186, 146)","(197, 216, 225)"
The Tuileries_1876.jpg,"(25, 26, 27)","(73, 71, 63)","(119, 112, 86)","(153, 146, 127)","(196, 191, 181)"
Undergrowth in Argenteuil_1876.png,"(35, 41, 28)","(58, 70, 48)","(86, 99, 78)","(123, 136, 117)","(182, 187, 179)"
The Garden_ Gladioli_1876.jpg,"(58, 50, 41)","(87, 84, 69)","(117, 114, 93)","(152, 145, 114)","(190, 177, 150)"
View of Yerres_1876.jpg,"(91, 104, 86)","(124, 130, 112)","(145, 155, 150)","(166, 181, 190)","(189, 205, 218)"
Hunting_1876.jpg,"(47, 42, 44)","(108, 95, 79)","(147, 129, 103)","(188, 157, 116)","(218, 197, 150)"
Portrait of Camille with a bouquet of violets_1877.jpg,"(23, 26, 29)","(50, 55, 54)","(93, 87, 78)","(148, 125, 109)","(209, 193, 169)"
A Field at Gennevilliers_1877.jpg,"(65, 75, 29)","(113, 124, 56)","(158, 157, 91)","(176, 185, 174)","(217, 226, 219)"
Arrival of the Normandy Train_ Gare Saint-Lazare_1877.jpg,"(54, 70, 76)","(78, 102, 103)","(104, 128, 127)","(133, 155, 158)","(177, 189, 192)"
The Saint-Lazare Station_1877.jpg,"(30, 29, 33)","(73, 70, 69)","(113, 115, 116)","(151, 155, 157)","(203, 204, 197)"
The Seine at Argenteuil_1877.jpg,"(69, 73, 71)","(97, 99, 94)","(130, 127, 114)","(167, 172, 172)","(198, 197, 186)"
Under the Trees_ Effect of Sunlight_1878.jpg,"(43, 65, 53)","(73, 95, 72)","(110, 131, 87)","(150, 163, 124)","(203, 196, 183)"
The Seine at Lavacourt_1878.jpg,"(91, 95, 72)","(125, 128, 104)","(147, 150, 143)","(172, 174, 169)","(190, 193, 191)"
An arm of the Seine near Vetheuil_1878.jpg,"(74, 69, 65)","(115, 116, 108)","(147, 153, 145)","(187, 191, 182)","(234, 236, 226)"
The Banks of the Seine_ Lavacourt_1878.jpg,"(40, 45, 42)","(93, 87, 78)","(155, 133, 99)","(186, 189, 188)","(230, 235, 226)"
Vétheuil Church in Winter_1879.jpg,"(55, 51, 54)","(91, 87, 89)","(126, 120, 122)","(167, 162, 160)","(208, 206, 208)"
Lavacourt_ Sun and Snow_1879.jpg,"(91, 95, 98)","(136, 142, 144)","(173, 179, 178)","(192, 199, 198)","(215, 222, 215)"
Seine at Lavacourt. Effect of Snow_1879.jpg,"(70, 60, 59)","(108, 98, 93)","(135, 131, 135)","(164, 165, 173)","(204, 203, 202)"
The Bend of the Seine at Lavacourt_ Winter_1879.jpg,"(54, 35, 26)","(106, 81, 66)","(149, 122, 113)","(191, 163, 156)","(225, 204, 205)"
Plums Blossom_1879.jpg,"(32, 37, 35)","(74, 81, 78)","(116, 119, 133)","(137, 147, 189)","(197, 184, 203)"
Vetheuil_1879.jpg,"(59, 75, 46)","(114, 127, 87)","(160, 168, 131)","(128, 163, 197)","(167, 190, 214)"
Poppy Field near Vetheuil_1879.jpg,"(43, 61, 48)","(105, 97, 69)","(139, 133, 109)","(178, 191, 191)","(210, 222, 226)"
Seine at Lavacourt_1879.JPG,"(86, 94, 89)","(124, 134, 128)","(148, 160, 159)","(171, 184, 182)","(210, 205, 190)"
Camille Monet on her Deathbed_1879.JPG,"(75, 58, 77)","(110, 89, 107)","(139, 115, 134)","(164, 138, 155)","(188, 163, 175)"
Pheasants_ Woodcocks and Partridges_1879.jpg,"(52, 47, 44)","(104, 94, 86)","(140, 136, 127)","(166, 163, 153)","(214, 208, 199)"
Breakup of Ice at Lavacourt_1880.jpg,"(37, 50, 59)","(90, 104, 117)","(133, 146, 159)","(177, 185, 195)","(206, 212, 219)"
Spring in Vétheuil_1880.jpg,"(53, 87, 77)","(91, 117, 107)","(121, 137, 133)","(149, 162, 176)","(177, 188, 204)"
Late Afternoon in Vetheuil_1880.jpg,"(106, 97, 66)","(151, 136, 96)","(175, 159, 131)","(167, 169, 172)","(195, 192, 183)"
Banks of the Seine near Vetheuil_1880.jpg,"(75, 92, 66)","(104, 120, 84)","(131, 145, 110)","(148, 163, 153)","(175, 185, 169)"
Vetheuil_1880.jpg,"(91, 102, 76)","(91, 114, 149)","(166, 168, 110)","(137, 168, 194)","(177, 202, 214)"
The Brook near Vetheuil_1880.png,"(56, 51, 55)","(84, 81, 84)","(114, 111, 115)","(145, 143, 147)","(180, 178, 183)"
Bouquet of Mallows_1880.jpg,"(45, 32, 22)","(103, 84, 53)","(143, 131, 86)","(175, 164, 125)","(195, 191, 188)"
Portrait of Jean Monet_1880.jpg,"(16, 13, 20)","(60, 55, 56)","(107, 107, 101)","(134, 138, 135)","(191, 181, 168)"
Michel Monet with a Pompom_1880.jpg,"(35, 28, 25)","(93, 88, 82)","(126, 115, 108)","(169, 95, 80)","(168, 155, 149)"
Portrait of Mr Coqueret _son__1881.png,"(39, 33, 30)","(85, 72, 67)","(128, 110, 99)","(152, 133, 130)","(197, 171, 154)"
The Flood of the Seine at Vetheuil_1881.jpg,"(46, 26, 33)","(83, 67, 82)","(117, 107, 131)","(156, 146, 167)","(191, 178, 191)"
The Sea Seen from the Cliffs of Fecamp_1881.jpg,"(55, 73, 61)","(110, 123, 104)","(132, 161, 157)","(160, 190, 188)","(216, 224, 223)"
Calm Weather_ Fecamp_1881.jpg,"(54, 53, 54)","(95, 102, 111)","(136, 144, 149)","(166, 176, 180)","(194, 205, 214)"
Morning by the sea_1881.jpg,"(74, 67, 67)","(120, 113, 116)","(155, 152, 155)","(186, 183, 186)","(216, 209, 206)"
Cliff at Grainval near Fécamp_1881.jpg,"(61, 63, 70)","(71, 130, 155)","(148, 126, 102)","(163, 171, 162)","(203, 203, 192)"
Cliffs of Les Petites-Dalles_1881.jpg,"(41, 30, 28)","(101, 79, 71)","(146, 126, 117)","(195, 183, 176)","(221, 213, 220)"
Vetheuil at Sunset_1881.jpg,"(77, 76, 64)","(125, 111, 98)","(169, 141, 128)","(211, 178, 158)","(226, 213, 190)"
Alice Hoschede in the Garden_1881.jpg,"(55, 61, 48)","(89, 92, 72)","(137, 134, 79)","(117, 124, 123)","(162, 166, 163)"
The Garden at Vetheuil_1881.jpg,"(35, 44, 39)","(80, 90, 77)","(54, 93, 141)","(133, 132, 111)","(188, 179, 158)"
Hut in Trouville_ Low Tide_1881.jpg,"(48, 53, 31)","(97, 100, 81)","(166, 178, 178)","(205, 185, 154)","(203, 199, 187)"
The Garden Gate_1881.jpg,"(47, 47, 35)","(92, 95, 90)","(143, 118, 64)","(168, 147, 120)","(213, 184, 157)"
View of Vétheuil_1881.jpg,"(45, 74, 46)","(102, 119, 84)","(133, 154, 140)","(189, 155, 88)","(184, 186, 163)"
Banks of the Seine near Vetheuil_1881.jpg,"(57, 73, 56)","(91, 107, 84)","(119, 133, 113)","(147, 162, 149)","(187, 194, 195)"
In the Meadow _Vetheuil__1881.jpg,"(48, 65, 62)","(83, 96, 77)","(116, 123, 80)","(146, 148, 121)","(175, 179, 161)"
Low Tide at Pourville_1882.jpg,"(69, 66, 64)","(106, 110, 105)","(138, 147, 138)","(165, 171, 158)","(191, 194, 169)"
Low Tide at Pourville_1882_1.jpg,"(78, 100, 97)","(86, 120, 132)","(125, 128, 114)","(94, 135, 154)","(165, 157, 135)"
Pourville_ near Dieppe_1882.jpg,"(77, 108, 124)","(132, 121, 100)","(112, 155, 164)","(179, 157, 139)","(142, 171, 173)"
Low Tide at Varengeville_1882.jpg,"(51, 66, 49)","(103, 103, 72)","(132, 137, 115)","(199, 185, 145)","(199, 202, 193)"
The Gorge at Varengeville_1882.JPG,"(98, 96, 83)","(153, 146, 120)","(155, 169, 176)","(190, 174, 147)","(198, 197, 202)"
The Customs House at Pourville_1882.png,"(81, 78, 78)","(111, 108, 110)","(136, 132, 135)","(160, 157, 160)","(185, 184, 186)"
Anglers on the Seine at Poissy_1882.jpg,"(61, 69, 45)","(90, 91, 42)","(105, 105, 63)","(124, 120, 76)","(143, 139, 95)"
Path in the Wheat in Pourville_1882.jpg,"(126, 105, 47)","(100, 127, 172)","(169, 157, 94)","(156, 173, 203)","(216, 214, 187)"
Cliff at Pourville_1882.jpg,"(76, 93, 57)","(105, 120, 83)","(133, 139, 99)","(161, 176, 159)","(181, 189, 168)"
Fishing Nets at Pourville_1882.jpg,"(68, 52, 70)","(129, 115, 127)","(179, 165, 179)","(206, 194, 200)","(230, 223, 221)"
The Cliffs at Pourville_1882.jpg,"(57, 59, 45)","(116, 109, 94)","(161, 144, 125)","(184, 168, 147)","(208, 190, 165)"
Low Tide at Pourville_ Misty Weather_1882.jpg,"(90, 76, 83)","(141, 125, 92)","(114, 142, 148)","(183, 167, 111)","(214, 192, 117)"
Sailboats at Sea_ Pourville_1882.jpg,"(91, 124, 115)","(117, 139, 133)","(153, 157, 148)","(183, 174, 160)","(167, 181, 181)"
Cliff_1882.jpg,"(77, 74, 76)","(115, 114, 120)","(148, 150, 155)","(194, 200, 200)","(220, 219, 215)"
The Cliffs at Varengeville_1882.png,"(79, 79, 82)","(109, 108, 112)","(141, 140, 145)","(169, 169, 174)","(193, 192, 197)"
The _Fonds_ at Varengeville_1882.jpg,"(62, 51, 29)","(119, 109, 68)","(161, 153, 107)","(143, 164, 202)","(194, 201, 194)"
Vase of Chrysanthemums_1882.png,"(65, 94, 115)","(141, 108, 89)","(124, 127, 144)","(195, 175, 96)","(207, 198, 195)"
Cliff and Porte d_Aval_1883.jpg,"(44, 46, 56)","(88, 99, 109)","(124, 137, 145)","(158, 171, 182)","(201, 208, 213)"
Rough weather at Étretat_1883.jpg,"(80, 80, 78)","(111, 112, 111)","(143, 146, 147)","(166, 168, 169)","(200, 200, 199)"
The Seine at Port-Villez_1883.jpg,"(69, 78, 79)","(98, 102, 103)","(89, 105, 147)","(149, 145, 162)","(174, 166, 178)"
The Hill at Notre-Dame-de-la-Mer on the Seine_1883.png,"(83, 80, 83)","(113, 111, 114)","(140, 139, 143)","(166, 165, 169)","(200, 199, 204)"
Vase of Poppies_1883.jpg,"(67, 61, 59)","(98, 109, 108)","(125, 155, 152)","(184, 153, 142)","(195, 183, 175)"
Poppies in a China Vase_1883.jpg,"(52, 63, 64)","(92, 93, 88)","(118, 121, 119)","(150, 152, 151)","(180, 186, 192)"
View of Bordighera_1884.jpg,"(35, 36, 21)","(73, 77, 50)","(75, 90, 117)","(116, 115, 83)","(146, 156, 150)"
Valle Buona near Bordighera_1884.jpg,"(25, 27, 29)","(70, 96, 101)","(94, 131, 150)","(137, 163, 174)","(173, 195, 210)"
The Valley of Sasso_1884.jpg,"(76, 69, 52)","(152, 125, 69)","(114, 128, 138)","(200, 177, 110)","(198, 212, 214)"
Garden at Bordighera_ Impression of Morning_1884.JPG,"(59, 69, 68)","(89, 100, 94)","(121, 127, 118)","(145, 152, 153)","(177, 182, 189)"
Olive Trees in Bordighera_1884.jpg,"(55, 41, 22)","(93, 81, 49)","(124, 114, 74)","(159, 150, 96)","(200, 192, 125)"
Bridge at Dolceacqua_1884.jpg,"(16, 14, 10)","(94, 96, 86)","(130, 130, 119)","(127, 162, 175)","(178, 167, 150)"
Monte Carlo seen from Roquebrune_1884.jpg,"(69, 74, 81)","(116, 117, 118)","(149, 144, 150)","(182, 173, 181)","(205, 199, 203)"
Haystacks at Giverny_1884.JPG,"(67, 65, 57)","(105, 101, 93)","(145, 128, 123)","(177, 159, 159)","(221, 204, 205)"
Cliffs at Les Petites-Dalles_1884.jpg,"(43, 39, 35)","(93, 98, 91)","(155, 132, 88)","(153, 159, 156)","(217, 218, 219)"
Banks of the Seine at Jeufosse_ Clear Weather_1884.jpg,"(86, 86, 69)","(118, 128, 130)","(174, 142, 100)","(165, 172, 176)","(237, 232, 228)"
Vase of Chrysanthemums_1882_85.jpg,"(79, 81, 62)","(148, 137, 96)","(170, 175, 164)","(225, 190, 115)","(203, 205, 201)"
Yellow Daisies_1883.png,"(76, 75, 77)","(104, 104, 107)","(141, 140, 145)","(174, 174, 179)","(196, 196, 201)"
Basket of Apples_1883.jpg,"(42, 31, 31)","(98, 66, 54)","(160, 54, 34)","(154, 122, 85)","(173, 161, 131)"
Oriental Lily_1883.png,"(78, 74, 78)","(104, 100, 104)","(125, 121, 126)","(146, 143, 147)","(178, 174, 179)"
Vase of Tulips_1885.png,"(70, 66, 68)","(85, 82, 85)","(111, 109, 112)","(146, 145, 148)","(191, 189, 193)"
The Seine at Port-Villez. Snow Effect_1885.jpg,"(53, 60, 63)","(95, 102, 104)","(128, 135, 136)","(157, 163, 157)","(183, 189, 177)"
Frost at Giverny_1885.jpg,"(117, 121, 130)","(162, 165, 172)","(186, 188, 192)","(208, 209, 207)","(228, 229, 223)"
Road to Giverny in Winter_1885.png,"(78, 76, 79)","(106, 106, 111)","(137, 137, 144)","(165, 167, 171)","(191, 191, 190)"
Path at Giverny_1885.jpg,"(45, 34, 27)","(82, 69, 66)","(108, 96, 114)","(180, 163, 160)","(222, 215, 220)"
Road to Giverny_1885.jpg,"(69, 69, 43)","(123, 122, 93)","(169, 162, 127)","(208, 200, 162)","(222, 234, 226)"
Houses on the side of the Road_1885.jpg,"(87, 89, 77)","(127, 126, 117)","(162, 158, 148)","(141, 169, 188)","(204, 195, 184)"
Falaise_ near Giverny_1885.jpg,"(111, 114, 33)","(143, 144, 64)","(164, 149, 110)","(189, 172, 143)","(198, 197, 190)"
Winter Landscape at the Val de Falaise_1885.jpg,"(58, 51, 36)","(110, 124, 88)","(160, 153, 134)","(142, 172, 203)","(207, 196, 176)"
Valley of Falaise in Winter_1885.jpg,"(87, 59, 52)","(64, 131, 80)","(136, 117, 106)","(176, 164, 154)","(212, 216, 219)"
Houses at Falaise in the Fog_1885.jpg,"(161, 134, 113)","(131, 137, 151)","(157, 155, 155)","(174, 177, 178)","(196, 204, 206)"
The Valley of Falaise_1885.jpg,"(42, 36, 28)","(78, 68, 55)","(115, 98, 76)","(153, 138, 113)","(227, 221, 207)"
Spring on the Banks of the Epte_1885.jpg,"(47, 58, 31)","(109, 116, 79)","(169, 154, 128)","(133, 159, 178)","(197, 189, 176)"
The River Epte_1885.jpg,"(55, 61, 33)","(115, 113, 46)","(137, 127, 106)","(176, 166, 134)","(197, 192, 169)"
Haystacks at Giverny_1885.jpg,"(45, 42, 23)","(93, 73, 42)","(123, 108, 76)","(194, 141, 71)","(197, 192, 168)"
Meadow with Haystacks near Giverny_1885.jpg,"(30, 46, 44)","(60, 78, 72)","(101, 119, 104)","(145, 146, 126)","(187, 186, 171)"
Flowery Meadow_1885.jpg,"(19, 35, 26)","(58, 75, 55)","(111, 113, 69)","(149, 137, 94)","(172, 168, 154)"
Poppy Field at Giverny_1885.jpg,"(53, 60, 42)","(108, 116, 82)","(130, 160, 141)","(202, 137, 98)","(194, 204, 210)"
Poppy Field_1885.png,"(101, 98, 100)","(131, 128, 131)","(157, 154, 158)","(184, 182, 185)","(213, 209, 214)"
The Banks of the Seine at Port-Villez_1885.jpg,"(35, 58, 57)","(83, 103, 98)","(120, 133, 128)","(151, 160, 165)","(190, 194, 200)"
Arm of the Seine at Giverny_1885.jpg,"(41, 47, 50)","(87, 90, 93)","(133, 133, 126)","(173, 172, 164)","(210, 204, 203)"
Cliff and Porte d_Amont_ Morning Effect_1885.jpg,"(77, 70, 66)","(128, 133, 134)","(157, 158, 153)","(180, 177, 169)","(207, 199, 191)"
Etretat_ Cliff and the Porte d_Aval_1885.jpg,"(89, 80, 88)","(123, 116, 128)","(153, 151, 163)","(192, 185, 183)","(211, 208, 208)"
Boats on the Beach at Etretat_1885.jpg,"(33, 37, 38)","(67, 67, 66)","(101, 107, 97)","(124, 137, 130)","(156, 165, 164)"
Three Fishing Boats_1885.jpg,"(26, 32, 35)","(106, 98, 64)","(93, 133, 121)","(145, 147, 130)","(178, 182, 167)"
The Cliffs at Etretat_1885.jpg,"(60, 56, 59)","(93, 89, 93)","(128, 119, 116)","(110, 134, 166)","(159, 168, 167)"
The Manneport at High Tide_1885.jpg,"(69, 79, 86)","(107, 113, 122)","(140, 142, 150)","(175, 173, 172)","(210, 206, 198)"
The Needle of Étretat seen through the Porte d_Amont_1885.png,"(75, 70, 72)","(105, 101, 104)","(132, 128, 132)","(159, 155, 160)","(195, 191, 196)"
Cliff and Porte d_Amont in Rough Weather_1885_86.jpg,"(135, 138, 137)","(161, 170, 163)","(161, 191, 201)","(194, 198, 189)","(217, 223, 216)"
The Rock Needle seen through the Porte d_Aval_1886.jpg,"(66, 58, 62)","(93, 88, 93)","(117, 115, 120)","(154, 149, 148)","(205, 193, 175)"
View of Vernon_1886.jpg,"(55, 34, 15)","(148, 134, 75)","(183, 178, 101)","(213, 192, 123)","(221, 202, 162)"
View of village of Giverny_1886.jpg,"(59, 60, 40)","(140, 93, 58)","(104, 114, 104)","(187, 159, 116)","(199, 195, 193)"
Haystack at Giverny_1886.jpg,"(20, 51, 27)","(75, 96, 62)","(135, 130, 95)","(189, 148, 108)","(201, 181, 175)"
Pyramids at Port-Coton_1886.jpg,"(66, 61, 66)","(98, 99, 113)","(124, 132, 160)","(158, 166, 197)","(211, 213, 227)"
Entrance of Port-Goulphar_ Belle-Ile_1886.jpg,"(44, 50, 63)","(91, 94, 102)","(148, 143, 123)","(134, 158, 181)","(205, 201, 196)"
Coming into Port-Goulphar_ Belle-Ile_1886.jpg,"(51, 39, 46)","(75, 69, 79)","(94, 103, 108)","(117, 131, 142)","(157, 161, 177)"
Belle-Ile at Sunset_1886.png,"(84, 80, 83)","(115, 112, 115)","(145, 142, 146)","(182, 180, 184)","(220, 217, 221)"
Port Domois at Belle Ile_1886.jpg,"(69, 52, 50)","(108, 89, 87)","(138, 121, 125)","(169, 161, 176)","(205, 200, 211)"
Storm at Port-Goulphar_ Belle-Ile_1886.png,"(67, 63, 65)","(104, 101, 104)","(143, 141, 145)","(168, 167, 171)","(188, 186, 190)"
Storm on the Cote de Belle-Ile_1886.jpg,"(73, 73, 65)","(102, 104, 93)","(128, 131, 115)","(154, 155, 131)","(186, 184, 155)"
Field at Giverny_1887.jpg,"(68, 67, 58)","(114, 97, 86)","(114, 122, 130)","(127, 142, 157)","(192, 193, 189)"
Sunlight Effect under the Poplars_1887.jpg,"(51, 57, 47)","(107, 114, 94)","(178, 162, 91)","(153, 164, 161)","(209, 214, 218)"
Two Women in a Rowing Boat_1887.png,"(62, 56, 55)","(75, 70, 70)","(94, 90, 91)","(130, 127, 129)","(194, 190, 195)"
Three Trees at Giverny_1887.jpg,"(50, 58, 69)","(89, 87, 86)","(114, 115, 125)","(156, 159, 166)","(172, 179, 186)"
Antibes and the Maritime Alps_1888.jpg,"(82, 64, 68)","(131, 116, 107)","(160, 147, 132)","(191, 180, 159)","(204, 203, 198)"
View of Antibes from the Plateau Notre-Dame_1888.jpg,"(71, 88, 100)","(141, 136, 104)","(138, 156, 195)","(184, 172, 145)","(166, 192, 221)"
Edge of the Mediterranean_ Grey Weather_1888.jpg,"(41, 48, 49)","(84, 80, 79)","(121, 111, 111)","(140, 149, 159)","(169, 174, 180)"
Antibes_1888.jpg,"(41, 64, 68)","(74, 103, 113)","(96, 145, 166)","(133, 174, 196)","(179, 196, 205)"
Meadow at Giverny_ Morning effect_1888.jpg,"(78, 96, 102)","(124, 145, 144)","(187, 193, 123)","(170, 185, 191)","(213, 215, 216)"
Evening in the meadow at Giverny_1888.png,"(79, 74, 60)","(107, 94, 75)","(134, 116, 85)","(161, 135, 93)","(166, 145, 129)"
Poplars at Giverny_1888.png,"(92, 88, 93)","(121, 118, 122)","(146, 142, 147)","(166, 162, 167)","(192, 188, 193)"
Mill at Limetz_1888.png,"(52, 50, 37)","(70, 76, 58)","(94, 100, 81)","(132, 132, 111)","(169, 163, 142)"
The Seine near Giverny_1888.jpg,"(98, 95, 51)","(146, 132, 53)","(146, 140, 115)","(107, 140, 179)","(166, 177, 188)"
Two Vases of Chrysanthemums_1888.png,"(102, 67, 49)","(150, 96, 55)","(126, 102, 92)","(172, 140, 105)","(200, 182, 165)"
Grainstacks at Giverny_ Sunset_1888_89.jpg,"(101, 66, 47)","(139, 95, 67)","(165, 138, 112)","(227, 169, 107)","(220, 185, 154)"
Grainstacks at Giverny_ Morning Effect_1888_89.jpg,"(154, 72, 58)","(176, 125, 131)","(145, 153, 165)","(186, 176, 177)","(204, 202, 202)"
Valley of the Creuse _Sunlight Effect__1889.jpg,"(40, 42, 39)","(86, 83, 71)","(81, 109, 127)","(121, 112, 103)","(165, 166, 167)"
Ravine of the Creuse at the end of the Day_1889.jpg,"(44, 42, 45)","(71, 70, 72)","(96, 98, 98)","(121, 127, 129)","(178, 180, 177)"
Valley of the Creuse _Gray Day__1889.jpg,"(92, 67, 66)","(119, 95, 90)","(130, 117, 126)","(156, 162, 176)","(206, 207, 217)"
Valley of the Creuse_1889.jpg,"(41, 18, 20)","(63, 41, 43)","(121, 102, 88)","(170, 164, 142)","(211, 205, 175)"
The Old Tree at the Confluence_1889.jpg,"(18, 15, 15)","(48, 47, 46)","(82, 84, 82)","(142, 141, 118)","(217, 223, 227)"
Willows at Sunset_1889.jpg,"(63, 51, 31)","(112, 95, 58)","(151, 136, 110)","(193, 165, 55)","(210, 198, 170)"
The Poplars_1890.jpg,"(100, 113, 73)","(160, 141, 84)","(134, 143, 119)","(180, 168, 135)","(208, 204, 189)"
Meadow at Giverny_1890.jpg,"(59, 71, 59)","(100, 118, 97)","(138, 164, 117)","(173, 192, 154)","(230, 225, 220)"
Meadow in flower at Giverny_1890.png,"(66, 82, 83)","(90, 109, 116)","(121, 144, 142)","(155, 166, 174)","(202, 194, 189)"
Oat and Poppy Field_1890.png,"(78, 75, 79)","(108, 106, 111)","(133, 131, 136)","(176, 175, 181)","(197, 196, 200)"
The Seine at Port-Villez_1890.jpg,"(72, 85, 80)","(112, 123, 138)","(176, 149, 108)","(150, 161, 172)","(206, 191, 175)"
Grainstacks_ Last Rays of the Sun_1890.jpg,"(84, 40, 32)","(119, 75, 56)","(163, 116, 77)","(215, 192, 144)","(227, 214, 187)"
Grainstack in the Morning_ Snow Effect_1890_91.jpg,"(81, 65, 65)","(104, 103, 122)","(102, 125, 163)","(161, 156, 163)","(191, 185, 188)"
Grainstack_1891.jpg,"(111, 83, 52)","(153, 122, 88)","(135, 170, 190)","(215, 172, 93)","(223, 212, 199)"
Grainstack in the Sunshine_1891.jpg,"(99, 78, 70)","(123, 98, 96)","(123, 114, 124)","(188, 146, 105)","(190, 176, 139)"
Poplars on the Banks of the River Epte_ Effect of Sunset_1891.png,"(75, 65, 44)","(123, 79, 34)","(117, 101, 86)","(145, 137, 143)","(172, 174, 190)"
Poplars at Sunset_1891.jpg,"(69, 60, 68)","(92, 88, 98)","(127, 120, 128)","(174, 164, 165)","(210, 205, 200)"
Poplars on the Banks of the Epte_1891.jpg,"(96, 102, 100)","(153, 128, 100)","(131, 132, 131)","(162, 150, 138)","(147, 163, 173)"
Poplars on the Bank of the Epte_ Overcast_1891.png,"(77, 72, 57)","(97, 94, 86)","(118, 115, 120)","(152, 147, 154)","(177, 172, 173)"
Poplars_1891.jpg,"(105, 118, 113)","(140, 149, 132)","(180, 176, 117)","(162, 178, 175)","(205, 206, 189)"
Three Trees in Spring_1891.jpg,"(89, 82, 61)","(118, 114, 120)","(150, 122, 74)","(184, 161, 79)","(173, 152, 143)"
Three Trees in Summer_1891.jpg,"(112, 120, 80)","(153, 148, 98)","(184, 167, 128)","(153, 161, 190)","(200, 189, 192)"
The Poplars_ Autumn_1891.jpg,"(61, 60, 68)","(92, 86, 91)","(128, 117, 110)","(160, 155, 144)","(195, 195, 187)"
General view of Rouen_1892.jpg,"(139, 115, 117)","(161, 137, 141)","(192, 163, 147)","(209, 189, 164)","(221, 211, 201)"
The Cour d_Albane_1892.jpg,"(37, 32, 36)","(84, 82, 96)","(117, 116, 137)","(150, 149, 170)","(164, 180, 218)"
The Portal in the Sun_1894.jpg,"(154, 86, 66)","(181, 130, 113)","(110, 130, 189)","(205, 173, 155)","(231, 210, 195)"
Rouen Cathedral_1894.jpg,"(134, 124, 112)","(147, 139, 133)","(172, 151, 140)","(154, 162, 160)","(189, 171, 162)"
Floating Ice near Bennecourt_1893.jpg,"(133, 153, 155)","(161, 177, 184)","(198, 178, 155)","(185, 192, 196)","(207, 204, 202)"
Ice Floes on the Seine at Port-Villez_1893.jpg,"(54, 51, 62)","(89, 84, 97)","(130, 116, 118)","(174, 167, 168)","(230, 220, 208)"
Ice floes_ Evening Effect_1893.jpg,"(74, 74, 87)","(115, 118, 125)","(157, 159, 156)","(200, 195, 170)","(222, 218, 203)"
Rouen Cathedral in the Fog_1893.jpg,"(83, 107, 144)","(108, 130, 161)","(134, 151, 174)","(164, 173, 187)","(198, 199, 202)"
Rouen Cathedral_ Portal_ Morning Light_1893.jpg,"(13, 13, 12)","(102, 114, 127)","(128, 141, 151)","(157, 167, 171)","(199, 198, 188)"
Rouen Cathedral_ the Portal in the Sun_1894.jpg,"(98, 91, 58)","(116, 113, 83)","(130, 131, 106)","(145, 149, 126)","(162, 166, 146)"
Rouen Cathedral_ Portal_1893.JPG,"(71, 60, 25)","(101, 93, 42)","(130, 127, 65)","(163, 162, 96)","(199, 195, 127)"
Rouen Cathedral_1893.jpg,"(54, 33, 42)","(84, 69, 89)","(138, 107, 102)","(172, 142, 136)","(203, 181, 177)"
Morning on the Seine at Giverny_1893.png,"(139, 121, 110)","(165, 154, 145)","(197, 152, 102)","(206, 176, 146)","(225, 204, 182)"
Springtime Landscape_1894.jpg,"(143, 149, 122)","(113, 146, 199)","(183, 170, 111)","(189, 185, 161)","(170, 188, 216)"
The Seine at Port-Villez_1884.jpg,"(84, 93, 96)","(130, 136, 151)","(154, 159, 176)","(188, 183, 190)","(213, 212, 217)"
The Seine at Port-Villez_ Clear Weather_1894.jpg,"(82, 93, 56)","(140, 147, 108)","(163, 173, 159)","(194, 197, 185)","(230, 227, 208)"
The Seine at Port-Villez_ Pink Effect_1894.jpg,"(51, 38, 22)","(92, 80, 60)","(179, 163, 140)","(215, 193, 165)","(224, 210, 182)"
The Seine in the Mist_1894.png,"(81, 77, 78)","(117, 112, 117)","(155, 151, 156)","(176, 173, 177)","(201, 199, 202)"
Vernon Church in Grey Weather_1894.jpg,"(123, 135, 146)","(142, 146, 150)","(158, 159, 160)","(175, 173, 171)","(189, 189, 190)"
Houses in the Snow_ Norway_1895.jpg,"(71, 31, 16)","(119, 98, 79)","(187, 185, 175)","(204, 201, 188)","(215, 215, 202)"
Sandviken Village_ Snow Effect_1895.png,"(82, 78, 79)","(109, 105, 107)","(141, 137, 140)","(170, 167, 171)","(204, 202, 204)"
Norwegian Landscape_ Sandviken_1895.jpg,"(101, 78, 69)","(152, 116, 58)","(145, 129, 111)","(169, 155, 132)","(197, 190, 160)"
Houses in the Snow_1895.jpg,"(107, 82, 76)","(153, 128, 105)","(175, 167, 139)","(188, 184, 164)","(209, 206, 196)"
Mount Kolsaas in Clear Weather_1895.png,"(85, 80, 82)","(104, 100, 102)","(134, 130, 133)","(170, 167, 171)","(189, 186, 189)"
Mount Kolsaas_ Evening Effect_1895.jpg,"(48, 54, 73)","(76, 84, 107)","(114, 124, 149)","(160, 177, 204)","(189, 198, 211)"
The Bridge in Monet_s Garden_1895.png,"(112, 97, 77)","(138, 114, 78)","(137, 125, 111)","(128, 133, 161)","(161, 152, 145)"
On the Cliff near Dieppe_1896.jpg,"(123, 91, 43)","(86, 111, 132)","(155, 118, 67)","(160, 141, 99)","(152, 162, 136)"
Morning on the Seine_1896.jpg,"(15, 12, 10)","(77, 78, 72)","(102, 107, 104)","(129, 134, 152)","(178, 168, 181)"
Cliffs at Pourville_ Morning_1897.jpg,"(165, 136, 102)","(174, 167, 159)","(202, 170, 123)","(196, 191, 177)","(212, 205, 197)"
Customs House at Varengeville_1897.jpg,"(85, 113, 140)","(120, 145, 154)","(187, 159, 92)","(171, 174, 162)","(205, 181, 118)"
On the Cliffs near Dieppe_1897.jpg,"(142, 125, 124)","(160, 144, 153)","(200, 164, 155)","(166, 169, 192)","(188, 188, 217)"
At Val Saint-Nicolas near Dieppe_ Morning_1897.jpg,"(40, 24, 13)","(147, 120, 82)","(163, 143, 129)","(190, 179, 164)","(213, 200, 183)"
Arm of the Seine near Giverny in the Fog_1897.jpg,"(114, 118, 113)","(134, 143, 140)","(163, 168, 179)","(198, 194, 204)","(239, 224, 224)"
Morning on the Seine_1897.jpg,"(17, 14, 17)","(94, 91, 97)","(120, 124, 140)","(150, 150, 175)","(173, 169, 191)"
Morning on the Seine near Giverny_1896.jpg,"(46, 45, 43)","(69, 83, 96)","(95, 106, 124)","(146, 142, 146)","(211, 198, 187)"
Banks of the Seine_ Morning_1897.jpg,"(67, 91, 129)","(116, 133, 158)","(151, 166, 181)","(167, 193, 212)","(206, 220, 220)"
Willows_1897.png,"(60, 46, 40)","(78, 66, 58)","(100, 82, 71)","(129, 99, 83)","(163, 123, 99)"
Charing Cross Bridge_ The Thames_1899_1901.jpg,"(103, 141, 167)","(133, 150, 169)","(161, 159, 164)","(192, 164, 147)","(184, 175, 174)"
Charing Cross Bridge_1899_1901.jpg,"(101, 126, 139)","(129, 138, 136)","(120, 140, 153)","(146, 149, 151)","(174, 167, 160)"
Charing Cross Bridge_1899_1901.png,"(72, 70, 73)","(89, 87, 91)","(110, 109, 113)","(133, 132, 136)","(162, 161, 165)"
Waterloo Bridge_ Grey Weather_1899_1901.jpg,"(58, 93, 100)","(80, 109, 111)","(104, 128, 126)","(130, 143, 135)","(145, 160, 152)"
Waterloo Bridge_ Sun Effect_1903.jpg,"(112, 101, 169)","(137, 120, 176)","(160, 135, 186)","(198, 165, 178)","(233, 209, 203)"
Waterloo Bridge_ Grey Day_1903.jpg,"(60, 60, 70)","(86, 83, 91)","(115, 108, 113)","(147, 134, 140)","(182, 160, 158)"
Waterloo Bridge_ Fog_ Sunlight Effect_1899_1901.png,"(81, 82, 120)","(98, 101, 150)","(124, 121, 169)","(153, 141, 181)","(194, 178, 199)"
Waterloo Bridge_1899_1901.png,"(123, 157, 109)","(154, 175, 120)","(180, 189, 130)","(203, 203, 143)","(210, 213, 180)"
Waterloo Bridge_ Sunlight Effect_1903.jpg,"(108, 120, 160)","(127, 132, 163)","(146, 137, 154)","(139, 142, 170)","(153, 152, 174)"
Houses of Parliament_ Effect of Sunlight in the Fog_1900_01.png,"(66, 65, 89)","(79, 78, 106)","(99, 97, 123)","(125, 120, 143)","(150, 140, 157)"
Houses of Parliament_ Sunset_1900_01.jpg,"(62, 95, 123)","(99, 114, 140)","(135, 132, 148)","(158, 152, 160)","(197, 191, 189)"
Houses of Parliament_ Stormy Sky_1900_01.JPG,"(58, 75, 92)","(129, 77, 54)","(116, 101, 106)","(169, 139, 125)","(197, 169, 150)"
Houses of Parliament_ Sunset_1904.jpg,"(93, 89, 89)","(78, 91, 113)","(126, 104, 100)","(144, 121, 124)","(185, 123, 91)"
Houses of Parliament_ Seagulls_1904.JPG,"(113, 110, 125)","(124, 126, 153)","(134, 140, 173)","(154, 153, 180)","(171, 171, 198)"
Garden Path_1900.png,"(61, 55, 59)","(85, 80, 84)","(111, 106, 110)","(140, 136, 140)","(177, 173, 177)"
Le Jardin de l_artiste à Giverny_1900.jpg,"(64, 57, 45)","(94, 86, 70)","(124, 110, 96)","(153, 141, 124)","(188, 176, 161)"
The Main Path at Giverny_1900.jpg,"(39, 46, 60)","(80, 84, 85)","(120, 121, 106)","(156, 158, 140)","(220, 196, 168)"
Vetheuil_1901.png,"(87, 83, 87)","(107, 102, 107)","(129, 124, 129)","(154, 149, 154)","(184, 180, 184)"
The Garden Path at Giverny_1902_03.jpg,"(34, 19, 16)","(64, 43, 34)","(91, 68, 53)","(125, 97, 71)","(161, 133, 102)"
The Grand Canal and Santa Maria della Salute_1908.jpg,"(60, 88, 106)","(117, 131, 134)","(135, 154, 162)","(172, 166, 157)","(188, 192, 195)"
The Grand Canal_ Venice_1908.jpg,"(37, 38, 62)","(61, 77, 119)","(89, 110, 155)","(105, 137, 190)","(170, 166, 180)"
Ducal Palace seen from San Giorgio Maggiore_1908.jpg,"(116, 125, 149)","(140, 145, 165)","(183, 176, 175)","(207, 191, 183)","(207, 212, 207)"
Rio della Salute_1908.jpg,"(87, 69, 47)","(120, 93, 64)","(163, 117, 80)","(129, 132, 120)","(205, 153, 106)"
The Seine at Port-Villez_1908_12.png,"(78, 72, 72)","(95, 89, 90)","(118, 112, 114)","(155, 150, 152)","(183, 178, 181)"
Agapanthus_1914_17.JPG,"(70, 69, 80)","(105, 102, 59)","(105, 116, 119)","(128, 144, 157)","(180, 185, 198)"
Irises_1914_17.jpg,"(48, 83, 80)","(98, 111, 80)","(78, 116, 127)","(116, 139, 117)","(154, 170, 155)"
Weeping Willow and Water-Lily Pond_1916_19.jpg,"(59, 50, 41)","(106, 96, 78)","(141, 132, 111)","(170, 167, 155)","(200, 203, 220)"
Weeping Willow_1918_19.jpg,"(59, 43, 23)","(95, 80, 36)","(127, 115, 36)","(112, 114, 96)","(161, 156, 61)"
Wisteria_1917_20.jpg,"(110, 106, 106)","(136, 133, 135)","(156, 154, 155)","(171, 170, 174)","(189, 187, 191)"
The Japanese Bridge_1918_24.png,"(96, 92, 93)","(114, 109, 111)","(136, 131, 134)","(161, 157, 161)","(194, 190, 193)"
The Japanese Bridge_1918_24.jpg,"(51, 50, 44)","(69, 65, 55)","(91, 81, 60)","(119, 102, 70)","(150, 129, 95)"
The Path under the Rose Trees_1918_24.png,"(81, 54, 46)","(89, 71, 65)","(115, 71, 47)","(122, 105, 86)","(166, 153, 143)"
The Artist_s House_ View from the Rose Garden_1922_24.JPG,"(78, 45, 47)","(103, 81, 78)","(163, 87, 64)","(138, 125, 112)","(220, 180, 135)"
The House through the Roses_1925_26.jpg,"(48, 38, 32)","(90, 83, 71)","(127, 125, 90)","(127, 134, 162)","(165, 160, 123)"
